year,month,day,time,temperature,load
2015,6,1,0,7.796600434771036,11917
2015,6,1,1,7.329285950609113,11498
2015,6,1,2,7.255157490304564,11368
2015,6,1,3,6.946736576357987,11444
2015,6,1,4,6.489253932593084,11612
2015,6,1,5,6.517396212646794,12146
2015,6,1,6,7.677149330101362,13095
2015,6,1,7,9.263054846622673,14434
2015,6,1,8,11.722149754757153,14803
2015,6,1,9,12.668384419249564,14787
2015,6,1,10,13.730950510943078,15018
2015,6,1,11,14.579703798149811,15261
2015,6,1,12,15.792429955587245,15132
2015,6,1,13,15.872070766460986,15069
2015,6,1,14,16.009878982503853,15068
2015,6,1,15,15.591285224574746,15109
2015,6,1,16,15.394971983461456,15284
2015,6,1,17,15.500110947389494,15643
2015,6,1,18,14.964436316214364,15441
2015,6,1,19,14.415363290569909,15551
2015,6,1,20,12.949908724248562,15796
2015,6,1,21,11.95037176608442,16027
2015,6,1,22,10.67260643741634,15002
2015,6,1,23,9.629266172556884,13729
2015,6,2,0,8.912105490826029,12831
2015,6,2,1,8.369664838062395,12296
2015,6,2,2,7.857068399730115,11985
2015,6,2,3,7.478857993435862,11841
2015,6,2,4,6.8970731699115335,11906
2015,6,2,5,6.463914272332598,12445
2015,6,2,6,7.832345710908373,13359
2015,6,2,7,10.952215345195214,14612
2015,6,2,8,13.160141874647568,14912
2015,6,2,9,14.317323403336589,14898
2015,6,2,10,15.102007055127775,14893
2015,6,2,11,16.326599336013548,14984
2015,6,2,12,16.998838440261597,15001
2015,6,2,13,17.41023453707776,14882
2015,6,2,14,18.31085451901307,14898
2015,6,2,15,18.588231822680736,15107
2015,6,2,16,18.821169984163216,15370
2015,6,2,17,19.048661432049425,15591
2015,6,2,18,19.033428601928893,15537
2015,6,2,19,17.535032692601252,15805
2015,6,2,20,15.210788556764781,15927
2015,6,2,21,13.152520822540406,15986
2015,6,2,22,11.9768335201286,15104
2015,6,2,23,10.733589981395191,13759
2015,6,3,0,9.69190376407428,12762
2015,6,3,1,9.253552074951289,12242
2015,6,3,2,8.444940189546658,11757
2015,6,3,3,7.980792604698012,11542
2015,6,3,4,7.618876040296122,11507
2015,6,3,5,7.332260449909966,12052
2015,6,3,6,9.716862125419858,13036
2015,6,3,7,11.889024994788665,14278
2015,6,3,8,13.386590950844356,14640
2015,6,3,9,14.854327991728908,14577
2015,6,3,10,15.770416722941029,14618
2015,6,3,11,16.587875581948687,14618
2015,6,3,12,17.223721113662176,14590
2015,6,3,13,17.952661698224144,14744
2015,6,3,14,18.21477909891643,14728
2015,6,3,15,18.5607496980088,14892
2015,6,3,16,18.865009410112492,15310
2015,6,3,17,18.660386686057006,15730
2015,6,3,18,18.277966562662662,15794
2015,6,3,19,17.609174113765462,15955
2015,6,3,20,15.44307957822551,15839
2015,6,3,21,13.837426140647368,15932
2015,6,3,22,12.777718414979425,14882
2015,6,3,23,11.822199734147457,13564
2015,6,4,0,10.689903817899697,12649
2015,6,4,1,9.952910890565056,12076
2015,6,4,2,9.643628517803993,11661
2015,6,4,3,8.311295896714837,11475
2015,6,4,4,8.55918231240822,11746
2015,6,4,5,8.596920875465715,12218
2015,6,4,6,10.278051050181181,13214
2015,6,4,7,13.159407527213336,14656
2015,6,4,8,15.321153830473005,15166
2015,6,4,9,17.013249684923476,15236
2015,6,4,10,18.80222269671819,15337
2015,6,4,11,19.767063576832243,15491
2015,6,4,12,20.2989920136133,15507
2015,6,4,13,20.71281711707777,15795
2015,6,4,14,20.530602786464076,15886
2015,6,4,15,21.01731639590343,16029
2015,6,4,16,21.42204429460276,16342
2015,6,4,17,20.653414864000176,16585
2015,6,4,18,20.532459376444482,16439
2015,6,4,19,19.980281540523812,16563
2015,6,4,20,18.803107743120588,16733
2015,6,4,21,17.509880339563406,16735
2015,6,4,22,16.78780525806347,15649
2015,6,4,23,15.90435327078181,14493
2015,6,5,0,15.483732197229576,13193
2015,6,5,1,14.606526506932221,12635
2015,6,5,2,14.380128679918656,12347
2015,6,5,3,13.997603225544204,12191
2015,6,5,4,14.025202283195432,12128
2015,6,5,5,13.813387351243989,12566
2015,6,5,6,14.80134768945105,13286
2015,6,5,7,16.90991733585774,14802
2015,6,5,8,18.467934751017363,15618
2015,6,5,9,19.72682716951471,16060
2015,6,5,10,20.997473912536755,16476
2015,6,5,11,22.279794410897246,16755
2015,6,5,12,22.45259798822918,16904
2015,6,5,13,22.15830637504515,17262
2015,6,5,14,21.365722711289703,17285
2015,6,5,15,20.365319849223457,16936
2015,6,5,16,19.522262025234653,16845
2015,6,5,17,19.433811107231953,16736
2015,6,5,18,18.586360717377207,16399
2015,6,5,19,18.11709438910352,16246
2015,6,5,20,17.550922252891006,16161
2015,6,5,21,16.955891514471883,16211
2015,6,5,22,16.119764982808444,15284
2015,6,5,23,15.537197794108097,14038
2015,6,6,0,14.650847622279446,12928
2015,6,6,1,13.340193669545677,12247
2015,6,6,2,12.10588631320618,11827
2015,6,6,3,10.785539035117981,11553
2015,6,6,4,10.084678049435437,11420
2015,6,6,5,9.11575050891869,11450
2015,6,6,6,10.046366600329604,11482
2015,6,6,7,11.622432028616917,12144
2015,6,6,8,12.599497239292202,12731
2015,6,6,9,13.622217276616801,12971
2015,6,6,10,14.493602272186031,13320
2015,6,6,11,15.712797883372634,13314
2015,6,6,12,16.446608352922294,13284
2015,6,6,13,16.892196604399697,13066
2015,6,6,14,17.85617678878962,13003
2015,6,6,15,18.311758581807272,13051
2015,6,6,16,18.371579728782073,13424
2015,6,6,17,18.5654369953977,14077
2015,6,6,18,18.38462450109107,14439
2015,6,6,19,17.39569541078167,14554
2015,6,6,20,14.525390645180218,14397
2015,6,6,21,12.170211555207189,14457
2015,6,6,22,11.20616449841593,13820
2015,6,6,23,9.954645649187057,12916
2015,6,7,0,8.871717254285217,11996
2015,6,7,1,9.009318458778804,11438
2015,6,7,2,7.788635016502051,11108
2015,6,7,3,7.137071666711567,10938
2015,6,7,4,6.793094755964491,10968
2015,6,7,5,6.887032042959377,10859
2015,6,7,6,9.251994243514776,10804
2015,6,7,7,12.23743135379349,11211
2015,6,7,8,14.474116157928227,11864
2015,6,7,9,16.253959277291077,12323
2015,6,7,10,17.194732729492753,12662
2015,6,7,11,18.201506545061548,12840
2015,6,7,12,18.503879204339565,12935
2015,6,7,13,19.16431819308325,13212
2015,6,7,14,19.59397682186774,13304
2015,6,7,15,19.483672579465196,13660
2015,6,7,16,19.53401963355892,13996
2015,6,7,17,18.75519662471763,14541
2015,6,7,18,18.291120527152085,14775
2015,6,7,19,17.86593234798046,14953
2015,6,7,20,17.216022271586137,15261
2015,6,7,21,17.03805486927623,15254
2015,6,7,22,17.740019138607742,14479
2015,6,7,23,18.110924985053344,13560
2015,6,8,0,17.912402601282732,12651
2015,6,8,1,18.517808483480213,12196
2015,6,8,2,18.743125012775508,11918
2015,6,8,3,18.632746617489737,11885
2015,6,8,4,18.374802748841475,12152
2015,6,8,5,18.617099422741095,12808
2015,6,8,6,18.82543466519575,14062
2015,6,8,7,18.941766587273857,15477
2015,6,8,8,19.00957479424226,16223
2015,6,8,9,18.506167650362507,16701
2015,6,8,10,17.774400742926154,17094
2015,6,8,11,17.81624966116612,16978
2015,6,8,12,18.226747957209536,16854
2015,6,8,13,19.70003982141091,16816
2015,6,8,14,20.353800303580794,16482
2015,6,8,15,20.832287004064966,16537
2015,6,8,16,21.14637986884443,16538
2015,6,8,17,21.344804835438666,16884
2015,6,8,18,20.75461070684672,16804
2015,6,8,19,19.72779847565505,17001
2015,6,8,20,17.876532410427547,16960
2015,6,8,21,17.258836802423545,16892
2015,6,8,22,16.474952149375223,15751
2015,6,8,23,16.434411855192963,14424
2015,6,9,0,15.8605037575276,13447
2015,6,9,1,15.733164669804868,12999
2015,6,9,2,15.235736505856332,12592
2015,6,9,3,14.951158624173184,12399
2015,6,9,4,14.934666573273294,12435
2015,6,9,5,15.1462633946184,12674
2015,6,9,6,15.010332418149531,13589
2015,6,9,7,15.215251961541565,15151
2015,6,9,8,15.897128764413955,15882
2015,6,9,9,16.683464668820914,15904
2015,6,9,10,17.45526881480998,16172
2015,6,9,11,18.62331796773898,16214
2015,6,9,12,19.794022571641378,16278
2015,6,9,13,20.60084886906228,16354
2015,6,9,14,20.99811368921163,16271
2015,6,9,15,21.50377692280503,16407
2015,6,9,16,21.735794427348473,16735
2015,6,9,17,21.386552528098655,17015
2015,6,9,18,20.617981793567886,16855
2015,6,9,19,19.734237180040626,16901
2015,6,9,20,17.945529388650193,16876
2015,6,9,21,16.467178530013324,17013
2015,6,9,22,15.704137155073527,16062
2015,6,9,23,14.98286686396379,14623
2015,6,10,0,14.545172493687117,13263
2015,6,10,1,14.2012261023311,12588
2015,6,10,2,13.275658270614748,12216
2015,6,10,3,13.183811804026835,12033
2015,6,10,4,13.00860473290889,11996
2015,6,10,5,12.84422500339163,12259
2015,6,10,6,14.717327037187799,13334
2015,6,10,7,16.562255356240343,14602
2015,6,10,8,18.62613795441236,15303
2015,6,10,9,20.10571343476412,15478
2015,6,10,10,21.036108014227104,15702
2015,6,10,11,20.55152341331232,16246
2015,6,10,12,21.268853618327878,16091
2015,6,10,13,23.029130471284958,16368
2015,6,10,14,23.69292913013869,16544
2015,6,10,15,24.251884835394012,17077
2015,6,10,16,24.481356163409068,17657
2015,6,10,17,23.00306999015964,18099
2015,6,10,18,21.676531906616297,17887
2015,6,10,19,20.418567031425738,17810
2015,6,10,20,18.851266258677818,17770
2015,6,10,21,17.46571585823003,17552
2015,6,10,22,16.39044442157003,16349
2015,6,10,23,15.929378476315206,14736
2015,6,11,0,15.16995488593176,13595
2015,6,11,1,14.708554378208133,13030
2015,6,11,2,14.350922833618448,12573
2015,6,11,3,14.005371400545398,12315
2015,6,11,4,13.553363786366685,12297
2015,6,11,5,13.421215465920037,12695
2015,6,11,6,14.23567293359577,13464
2015,6,11,7,15.50101245617689,14897
2015,6,11,8,16.951738359243045,15680
2015,6,11,9,17.98694193665799,15669
2015,6,11,10,19.22763508822845,15889
2015,6,11,11,19.980017815535742,16052
2015,6,11,12,21.349559570963255,16249
2015,6,11,13,22.0237472419494,16533
2015,6,11,14,22.089056782956607,16682
2015,6,11,15,22.307733245575076,16878
2015,6,11,16,21.69043267569699,17176
2015,6,11,17,21.264997652144448,17265
2015,6,11,18,20.85302618988845,16999
2015,6,11,19,19.884294875717394,16956
2015,6,11,20,18.579999304407522,17068
2015,6,11,21,17.619959048970546,17203
2015,6,11,22,17.141054601476647,16191
2015,6,11,23,16.604473120742206,14676
2015,6,12,0,16.34887045328368,13475
2015,6,12,1,16.114412789254573,12837
2015,6,12,2,15.575457630438537,12427
2015,6,12,3,15.18924710561257,12250
2015,6,12,4,14.87679144369707,12272
2015,6,12,5,14.935403633362146,12691
2015,6,12,6,15.482950417292363,13782
2015,6,12,7,15.879963287169856,15129
2015,6,12,8,16.48492304848436,15900
2015,6,12,9,16.717873156253617,16200
2015,6,12,10,17.316265178935236,16380
2015,6,12,11,17.619923019714545,16466
2015,6,12,12,17.32871574569884,16597
2015,6,12,13,17.06243660803023,16678
2015,6,12,14,17.00373788285161,16426
2015,6,12,15,16.964821551346436,16456
2015,6,12,16,16.92734333411903,16411
2015,6,12,17,16.799004983734875,16265
2015,6,12,18,16.60514188738609,16197
2015,6,12,19,16.133333968603996,15913
2015,6,12,20,15.923844373120474,15819
2015,6,12,21,16.001454599567925,15979
2015,6,12,22,15.80906409467511,15068
2015,6,12,23,15.363009332916075,13891
2015,6,13,0,15.104727324214675,12906
2015,6,13,1,14.857621138868014,12267
2015,6,13,2,14.705022230456958,11925
2015,6,13,3,14.495001408398513,11550
2015,6,13,4,14.441648548835165,11457
2015,6,13,5,14.574484754840967,11543
2015,6,13,6,14.938473844094412,11704
2015,6,13,7,15.12898243892801,12345
2015,6,13,8,15.947582165126146,13218
2015,6,13,9,16.81291223692858,13842
2015,6,13,10,17.74610556896313,14074
2015,6,13,11,18.989430892515806,14090
2015,6,13,12,19.919233523452682,14065
2015,6,13,13,20.90302072068352,14112
2015,6,13,14,21.52923225342264,14081
2015,6,13,15,22.15329319136722,14142
2015,6,13,16,22.574573639520754,14613
2015,6,13,17,22.56974996901449,15258
2015,6,13,18,22.30703276700997,15311
2015,6,13,19,21.369591619393038,15222
2015,6,13,20,19.886813303265697,14796
2015,6,13,21,18.48379062767016,15115
2015,6,13,22,17.317204185105588,14570
2015,6,13,23,16.860577354712095,13655
2015,6,14,0,16.389953584987925,12665
2015,6,14,1,15.46297109463884,12019
2015,6,14,2,15.461216596040162,11609
2015,6,14,3,15.695795809057099,11272
2015,6,14,4,15.69930894115229,11133
2015,6,14,5,15.712332016155377,11172
2015,6,14,6,16.150133343200096,11215
2015,6,14,7,16.91354787922193,11633
2015,6,14,8,17.81121032107766,12446
2015,6,14,9,18.93215400998707,13233
2015,6,14,10,19.466988197568302,13774
2015,6,14,11,19.29834557315974,14336
2015,6,14,12,19.207839153627244,14735
2015,6,14,13,19.294626732894066,14698
2015,6,14,14,19.160445611266763,14688
2015,6,14,15,19.070114710268157,14940
2015,6,14,16,19.153679617017914,15254
2015,6,14,17,18.8754323927638,15738
2015,6,14,18,18.804170650599005,15594
2015,6,14,19,18.531156512001566,15503
2015,6,14,20,18.156740369716335,15622
2015,6,14,21,17.78016041105015,15816
2015,6,14,22,17.296322952323692,15072
2015,6,14,23,17.091639775034636,13913
2015,6,15,0,16.898122444124176,12869
2015,6,15,1,17.026744667368686,12404
2015,6,15,2,17.140779158623083,12198
2015,6,15,3,17.01908850621844,12139
2015,6,15,4,17.137025987646698,12209
2015,6,15,5,17.243756158814705,12604
2015,6,15,6,17.434558864528448,13645
2015,6,15,7,18.27435678472264,15103
2015,6,15,8,18.772625018439783,15971
2015,6,15,9,20.05413846455581,16390
2015,6,15,10,20.91784922588169,16846
2015,6,15,11,22.22276467519692,17070
2015,6,15,12,23.590576927878118,17218
2015,6,15,13,24.268988345495075,17520
2015,6,15,14,24.572783530238304,17816
2015,6,15,15,24.472586775094378,18245
2015,6,15,16,23.776747132920946,18629
2015,6,15,17,23.099735824667636,18951
2015,6,15,18,22.61430306016113,18799
2015,6,15,19,22.046936822403037,18456
2015,6,15,20,21.084708642797057,18508
2015,6,15,21,20.29360467073903,18514
2015,6,15,22,19.92921630258214,17460
2015,6,15,23,19.665908229862524,15940
2015,6,16,0,19.36221638120183,14595
2015,6,16,1,19.074134219639937,13835
2015,6,16,2,19.065831816325087,13495
2015,6,16,3,19.064242821408413,13166
2015,6,16,4,19.13264963188736,13102
2015,6,16,5,18.853095652611017,13527
2015,6,16,6,18.6054393146534,14572
2015,6,16,7,18.96587145809614,15975
2015,6,16,8,19.728598859471504,16567
2015,6,16,9,20.21809576516847,16868
2015,6,16,10,21.248158316624423,17245
2015,6,16,11,22.90566445229369,17532
2015,6,16,12,23.38248771930791,17500
2015,6,16,13,24.05386127381405,17706
2015,6,16,14,24.001308262137073,17783
2015,6,16,15,23.796812501795277,17858
2015,6,16,16,23.713644906091968,18224
2015,6,16,17,22.794670227873446,18336
2015,6,16,18,22.259214755567548,18152
2015,6,16,19,21.49045139417268,18132
2015,6,16,20,19.23708156880591,17877
2015,6,16,21,17.816451230949337,17689
2015,6,16,22,16.577634420811965,16736
2015,6,16,23,15.221612359406896,15158
2015,6,17,0,13.894075777175395,13734
2015,6,17,1,13.544461106095943,12873
2015,6,17,2,18.202985456715602,12489
2015,6,17,3,16.365659283678024,12264
2015,6,17,4,18.2953436053583,12260
2015,6,17,5,12.609202008272664,12597
2015,6,17,6,13.687229790190262,13451
2015,6,17,7,16.022885633169352,14807
2015,6,17,8,17.65024239548909,15309
2015,6,17,9,18.93762441545837,15374
2015,6,17,10,19.372787423835288,15823
2015,6,17,11,19.938564778903725,15845
2015,6,17,12,19.901934432295093,15943
2015,6,17,13,19.61213862483868,16231
2015,6,17,14,19.99346698191284,16133
2015,6,17,15,20.567087916055225,16243
2015,6,17,16,20.798558733615497,16777
2015,6,17,17,20.630014238654304,17103
2015,6,17,18,20.019570872078084,17045
2015,6,17,19,19.0716502001263,16984
2015,6,17,20,18.06469407535759,16811
2015,6,17,21,16.863480373646016,16839
2015,6,17,22,15.912483465951905,15874
2015,6,17,23,15.396400240739254,14386
2015,6,18,0,14.622845953726147,13239
2015,6,18,1,14.094434452815774,12532
2015,6,18,2,13.860018651966604,12161
2015,6,18,3,14.089841414692593,12012
2015,6,18,4,13.405823923755925,12070
2015,6,18,5,13.098373733535142,12337
2015,6,18,6,14.498513146865513,13289
2015,6,18,7,16.843233959149792,14847
2015,6,18,8,18.264141253661602,15638
2015,6,18,9,19.910018867133804,15936
2015,6,18,10,20.44579833618896,16238
2015,6,18,11,21.942081431760666,16502
2015,6,18,12,22.67445660457991,16852
2015,6,18,13,23.443688568788144,17036
2015,6,18,14,24.20963340110543,17382
2015,6,18,15,24.903299096307073,17645
2015,6,18,16,23.88313050978484,18035
2015,6,18,17,23.104648514192142,18468
2015,6,18,18,22.32786306824593,18525
2015,6,18,19,21.09427777735546,18507
2015,6,18,20,20.29984321264139,18361
2015,6,18,21,19.056983512041377,18232
2015,6,18,22,18.159313580884408,17119
2015,6,18,23,17.186021516928193,15422
2015,6,19,0,16.957583470395463,14179
2015,6,19,1,16.178624218805812,13165
2015,6,19,2,15.48377828197647,12613
2015,6,19,3,14.83032802925062,12285
2015,6,19,4,14.050174056083822,12294
2015,6,19,5,13.426239121306073,12608
2015,6,19,6,13.841869810494032,13557
2015,6,19,7,14.173940166247789,14793
2015,6,19,8,15.0643412822121,15183
2015,6,19,9,15.634681570856936,15238
2015,6,19,10,16.35321622818128,15490
2015,6,19,11,17.473404803081873,15598
2015,6,19,12,18.335861312279697,15461
2015,6,19,13,19.160987456800996,15781
2015,6,19,14,19.414155195438788,15662
2015,6,19,15,19.68962466305291,15650
2015,6,19,16,19.735091797062005,15881
2015,6,19,17,19.644419320863804,16360
2015,6,19,18,19.163981969709916,16264
2015,6,19,19,18.202610158003406,16286
2015,6,19,20,16.66423400497254,16061
2015,6,19,21,15.03457160142739,15728
2015,6,19,22,13.58213938150913,15110
2015,6,19,23,13.160113537624719,13807
2015,6,20,0,12.179317105238926,12823
2015,6,20,1,11.43524243755644,11964
2015,6,20,2,10.692503356518303,11643
2015,6,20,3,10.130849548108454,11440
2015,6,20,4,9.686201471060603,11334
2015,6,20,5,9.950921330053383,11329
2015,6,20,6,11.943720198287817,11518
2015,6,20,7,14.394662558524805,12202
2015,6,20,8,16.835975389572816,13027
2015,6,20,9,17.55435647103148,13609
2015,6,20,10,18.365424320847783,13848
2015,6,20,11,19.131177759057092,14114
2015,6,20,12,19.749672885483005,14155
2015,6,20,13,20.37289888949308,14283
2015,6,20,14,20.96744614474686,14338
2015,6,20,15,21.312912115465235,14192
2015,6,20,16,21.48660672255661,14641
2015,6,20,17,21.62382556146495,15172
2015,6,20,18,21.37042876521443,15357
2015,6,20,19,20.643283433398437,15372
2015,6,20,20,19.50817864858371,15108
2015,6,20,21,18.875826278061623,15468
2015,6,20,22,18.343730649620053,15039
2015,6,20,23,17.875300928172646,13929
2015,6,21,0,17.868197143484558,12960
2015,6,21,1,17.516749732988377,12252
2015,6,21,2,17.26603815190711,11895
2015,6,21,3,17.620384262199945,11704
2015,6,21,4,17.66065934262461,11441
2015,6,21,5,18.0550135444614,11387
2015,6,21,6,18.718811579677915,11436
2015,6,21,7,19.6149471956647,12029
2015,6,21,8,20.678831811798084,13168
2015,6,21,9,21.60510345846255,14275
2015,6,21,10,22.45491548503573,15017
2015,6,21,11,22.88993189996484,15614
2015,6,21,12,23.16581350634025,15829
2015,6,21,13,23.783091153124218,15959
2015,6,21,14,24.28386924243801,15851
2015,6,21,15,24.392005407620935,16067
2015,6,21,16,24.44937358186656,16501
2015,6,21,17,24.354990090867403,16768
2015,6,21,18,23.402244980906662,16911
2015,6,21,19,22.747322006614567,16906
2015,6,21,20,20.926538491165044,16754
2015,6,21,21,18.899946864567784,16795
2015,6,21,22,18.22747630973653,15986
2015,6,21,23,17.20116490928671,14587
2015,6,22,0,17.33477272616947,13553
2015,6,22,1,16.398682822013985,12809
2015,6,22,2,16.41606992148051,12448
2015,6,22,3,16.17452020590013,12290
2015,6,22,4,15.197684559429058,12319
2015,6,22,5,14.840231749883399,12625
2015,6,22,6,16.606938506313078,13639
2015,6,22,7,17.682712412732556,15280
2015,6,22,8,20.053568152210705,16014
2015,6,22,9,21.481570813072295,16505
2015,6,22,10,22.506417384077896,16972
2015,6,22,11,23.563609094028312,17532
2015,6,22,12,25.00139155364692,17733
2015,6,22,13,25.564724824160578,18064
2015,6,22,14,25.732621631798462,18258
2015,6,22,15,25.618886803710232,18672
2015,6,22,16,25.662708501856727,18995
2015,6,22,17,24.416328174573334,19339
2015,6,22,18,22.572827799802095,18998
2015,6,22,19,22.216162580989884,18649
2015,6,22,20,21.17391682818287,18396
2015,6,22,21,20.28834277268046,18253
2015,6,22,22,19.997776725056745,17021
2015,6,22,23,20.135059969701942,15410
2015,6,23,0,20.719174715271485,14564
2015,6,23,1,20.611868415811585,13884
2015,6,23,2,20.45349166479794,13493
2015,6,23,3,20.0499959984746,13308
2015,6,23,4,19.83429577144426,13224
2015,6,23,5,20.11796224966408,13554
2015,6,23,6,20.432541575807768,14386
2015,6,23,7,21.14231897892261,15908
2015,6,23,8,21.57986982150549,16929
2015,6,23,9,21.941710099434825,17492
2015,6,23,10,21.349879975914607,17884
2015,6,23,11,20.78207721271286,17832
2015,6,23,12,20.636696858570147,17716
2015,6,23,13,20.431285061383075,17439
2015,6,23,14,20.819867236193467,17116
2015,6,23,15,20.70206826199718,17053
2015,6,23,16,21.08237150530922,17357
2015,6,23,17,21.13960252587677,17588
2015,6,23,18,20.978846571020227,17528
2015,6,23,19,20.09295958829482,17518
2015,6,23,20,18.375992463669764,17460
2015,6,23,21,16.86762236454033,17303
2015,6,23,22,16.44541539785969,16304
2015,6,23,23,15.694875124817692,14733
2015,6,24,0,15.05957249275786,13739
2015,6,24,1,14.495803080913651,13068
2015,6,24,2,13.179789170153086,12508
2015,6,24,3,13.111606222884683,12281
2015,6,24,4,12.06682484554071,12274
2015,6,24,5,11.704289948911242,12584
2015,6,24,6,13.078151612586574,13476
2015,6,24,7,14.749025490817932,14851
2015,6,24,8,16.545823178691126,15370
2015,6,24,9,18.325332808683466,15503
2015,6,24,10,20.372139951635717,15869
2015,6,24,11,21.678632115712755,16080
2015,6,24,12,22.65766350859758,16247
2015,6,24,13,23.390839870635272,16500
2015,6,24,14,24.26203750009867,16811
2015,6,24,15,24.64564143302035,17160
2015,6,24,16,24.69727870144438,17600
2015,6,24,17,24.561604169145852,18024
2015,6,24,18,23.877896595528966,18089
2015,6,24,19,22.720954273605173,18204
2015,6,24,20,20.85999944093483,17900
2015,6,24,21,19.924285348465464,17893
2015,6,24,22,17.15949284625509,16816
2015,6,24,23,16.64338991181893,15220
2015,6,25,0,15.438415807242524,14093
2015,6,25,1,15.217301303925355,13511
2015,6,25,2,14.90380406772399,13055
2015,6,25,3,14.627192784494303,12822
2015,6,25,4,13.991314850883494,12741
2015,6,25,5,13.612848642681818,13038
2015,6,25,6,15.534855788391809,13745
2015,6,25,7,17.015369570953222,15203
2015,6,25,8,18.31253347260442,16051
2015,6,25,9,19.543908263304882,16381
2015,6,25,10,20.539270964818176,16663
2015,6,25,11,21.497919214350144,16942
2015,6,25,12,21.807387274557847,17041
2015,6,25,13,22.09597824062498,17334
2015,6,25,14,21.694390769319913,17337
2015,6,25,15,20.751784356629067,17267
2015,6,25,16,20.377137664582357,17312
2015,6,25,17,20.225811484285117,17262
2015,6,25,18,19.8743100457491,16975
2015,6,25,19,19.242485520280095,16820
2015,6,25,20,18.318915293133685,16806
2015,6,25,21,17.020237588821264,16949
2015,6,25,22,16.244711913355147,16255
2015,6,25,23,15.276378961721743,14967
2015,6,26,0,14.298821500604351,13820
2015,6,26,1,13.893932647204164,13089
2015,6,26,2,13.557252916944906,12778
2015,6,26,3,13.400036724146249,12593
2015,6,26,4,13.334598230652881,12535
2015,6,26,5,13.114191657831093,12716
2015,6,26,6,14.807611505876057,13317
2015,6,26,7,16.374045798931363,14705
2015,6,26,8,18.087906715479164,15331
2015,6,26,9,19.336908716211088,15714
2015,6,26,10,20.87725287018034,16010
2015,6,26,11,21.52493869945758,16299
2015,6,26,12,21.853261775082064,16430
2015,6,26,13,22.483998417313085,16421
2015,6,26,14,22.369643062677447,16275
2015,6,26,15,22.811536360581663,16313
2015,6,26,16,22.97203122384124,16585
2015,6,26,17,22.82945575110503,16860
2015,6,26,18,22.494989756472116,16804
2015,6,26,19,21.457614166255812,16681
2015,6,26,20,19.139430428025275,16424
2015,6,26,21,17.13533227984053,16383
2015,6,26,22,17.129182768499618,15531
2015,6,26,23,16.085514815321744,14262
2015,6,27,0,15.511220831989176,13053
2015,6,27,1,15.421590343894785,12426
2015,6,27,2,14.865913187319153,12009
2015,6,27,3,14.798034390240042,11723
2015,6,27,4,14.646142366091452,11465
2015,6,27,5,15.304309007383914,11471
2015,6,27,6,16.183345343919378,11486
2015,6,27,7,16.804336136855696,12250
2015,6,27,8,17.49136375547656,13024
2015,6,27,9,18.189925109232384,13652
2015,6,27,10,18.11468668435514,14128
2015,6,27,11,18.145187492050052,14442
2015,6,27,12,18.61593574060947,14428
2015,6,27,13,18.43292878207914,14389
2015,6,27,14,18.55249255670835,14345
2015,6,27,15,18.77229749011628,14416
2015,6,27,16,17.945261408368378,14561
2015,6,27,17,17.684165751605057,14827
2015,6,27,18,17.471863849721625,14621
2015,6,27,19,17.023728259613968,14344
2015,6,27,20,16.575719187521464,14426
2015,6,27,21,16.146269420726842,14319
2015,6,27,22,15.614278774330018,13554
2015,6,27,23,15.248448200517593,12606
2015,6,28,0,14.702679429201872,11991
2015,6,28,1,14.511697106842897,11479
2015,6,28,2,14.074972960659103,11075
2015,6,28,3,13.699604619524127,10898
2015,6,28,4,13.436019537028674,10817
2015,6,28,5,13.19406144239295,10826
2015,6,28,6,13.241961919067418,10831
2015,6,28,7,13.564242050244344,11311
2015,6,28,8,13.97957232604942,12133
2015,6,28,9,14.303535319744428,12850
2015,6,28,10,14.718923044881139,13255
2015,6,28,11,15.072120379780335,13520
2015,6,28,12,15.520976347407949,13682
2015,6,28,13,15.955497625868507,13584
2015,6,28,14,15.834429690957082,13582
2015,6,28,15,15.801611066528151,13585
2015,6,28,16,16.203703858335878,13814
2015,6,28,17,15.946903873526862,14161
2015,6,28,18,15.882961719515963,14370
2015,6,28,19,15.993801946576705,14412
2015,6,28,20,15.607988982071813,14432
2015,6,28,21,15.050632301360555,14473
2015,6,28,22,14.950507735347982,13943
2015,6,28,23,14.591160704492193,12961
2015,6,29,0,14.402601861900015,12138
2015,6,29,1,14.338712229270326,11652
2015,6,29,2,14.28010623980683,11433
2015,6,29,3,14.07383817409418,11291
2015,6,29,4,14.172710899081695,11288
2015,6,29,5,13.743997707708207,11716
2015,6,29,6,14.16196891169206,12794
2015,6,29,7,15.657858238595258,13762
2015,6,29,8,16.889804251802182,14435
2015,6,29,9,18.176010929596487,14995
2015,6,29,10,19.172770410328855,15393
2015,6,29,11,20.31198896428575,15484
2015,6,29,12,21.011324705668194,15583
2015,6,29,13,21.72555980549355,15925
2015,6,29,14,22.16310140822304,15856
2015,6,29,15,22.245417868942877,16015
2015,6,29,16,22.920930352526003,16108
2015,6,29,17,22.032647317639693,16369
2015,6,29,18,21.06437155282903,16541
2015,6,29,19,21.06070678816319,16589
2015,6,29,20,18.40771259034732,16570
2015,6,29,21,17.644093688531132,16718
2015,6,29,22,16.392274443759856,15751
2015,6,29,23,16.18543323661255,14460
2015,6,30,0,15.581074962966408,13321
2015,6,30,1,14.59958183728418,12641
2015,6,30,2,14.347381219521624,12221
2015,6,30,3,14.252996000212717,11905
2015,6,30,4,13.838056627579773,11838
2015,6,30,5,13.771217321706235,12186
2015,6,30,6,14.988528183103401,13086
2015,6,30,7,16.31542057391883,14302
2015,6,30,8,17.451209388147817,14917
2015,6,30,9,18.44156139185773,15470
2015,6,30,10,18.948472094009425,15950
2015,6,30,11,19.117139644267134,16131
2015,6,30,12,18.686576001249872,16072
2015,6,30,13,18.269127239545302,16256
2015,6,30,14,18.237441566402538,16198
2015,6,30,15,18.05692755420979,16128
2015,6,30,16,17.770757940973603,16182
2015,6,30,17,17.23419389080167,16261
2015,6,30,18,17.10948554777101,16019
2015,6,30,19,17.134971969817755,16007
2015,6,30,20,16.761276930223296,15891
2015,6,30,21,16.519297093417844,16174
2015,6,30,22,16.50146264209448,15135
2015,6,30,23,16.438217323560362,14249
2015,7,1,0,16.1946721606434,13261
2015,7,1,1,16.112236789591798,12638
2015,7,1,2,16.25982576122012,12053
2015,7,1,3,16.146629542892725,11906
2015,7,1,4,15.878748204536322,11677
2015,7,1,5,15.820108702575228,11742
2015,7,1,6,15.850537475696457,11967
2015,7,1,7,16.26474416066673,12603
2015,7,1,8,17.42558830728965,13344
2015,7,1,9,18.048774373914892,13984
2015,7,1,10,19.074161199162734,14428
2015,7,1,11,19.724480872048286,14555
2015,7,1,12,19.666936441581818,14627
2015,7,1,13,19.8636984253167,14695
2015,7,1,14,20.225473669093546,14435
2015,7,1,15,20.66699003758694,14407
2015,7,1,16,20.222235671562487,14562
2015,7,1,17,20.058621854910605,14834
2015,7,1,18,19.41873188409303,14876
2015,7,1,19,18.427269813594314,14857
2015,7,1,20,17.17768298754068,14830
2015,7,1,21,15.9666170910309,14958
2015,7,1,22,15.151264317200829,14274
2015,7,1,23,14.513993351907164,13625
2015,7,2,0,14.057157445009748,12737
2015,7,2,1,13.278254842787193,12064
2015,7,2,2,12.78158266364059,11702
2015,7,2,3,12.115063055509758,11557
2015,7,2,4,11.66263295877308,11582
2015,7,2,5,11.604470276611817,11904
2015,7,2,6,12.689402964861554,12584
2015,7,2,7,14.146530912448924,13691
2015,7,2,8,15.989324326507393,14341
2015,7,2,9,17.192539817585754,14595
2015,7,2,10,18.250396312257163,14794
2015,7,2,11,19.418241486149928,14949
2015,7,2,12,19.648210492405923,15131
2015,7,2,13,20.08935256964285,15251
2015,7,2,14,20.605932847268246,15241
2015,7,2,15,20.954036398767666,15312
2015,7,2,16,20.83243313209586,15514
2015,7,2,17,20.93559435459241,15870
2015,7,2,18,20.23088768632899,16163
2015,7,2,19,19.42438665416938,16276
2015,7,2,20,17.063058398419816,16004
2015,7,2,21,15.35716082323124,15989
2015,7,2,22,14.402388595278714,15304
2015,7,2,23,13.332170386904735,13819
2015,7,3,0,12.30059856664759,12577
2015,7,3,1,11.108661356077064,11711
2015,7,3,2,10.616622651532877,11436
2015,7,3,3,10.086613172285855,11284
2015,7,3,4,9.41504016441206,11245
2015,7,3,5,9.046072027958076,11577
2015,7,3,6,10.641228077988316,12150
2015,7,3,7,13.427399743369824,13096
2015,7,3,8,16.081792616888126,13657
2015,7,3,9,18.166361622849923,14146
2015,7,3,10,19.567616620744893,14313
2015,7,3,11,20.362812006647815,14522
2015,7,3,12,20.978398904454814,14643
2015,7,3,13,21.529617450236238,14781
2015,7,3,14,21.705375477390568,14781
2015,7,3,15,21.97780039724402,15048
2015,7,3,16,22.480461924033904,15373
2015,7,3,17,22.049777435377425,15651
2015,7,3,18,21.371236848393103,15710
2015,7,3,19,19.95127721400996,15683
2015,7,3,20,18.607816973372415,15527
2015,7,3,21,16.994404439873623,15635
2015,7,3,22,15.668743675055058,14931
2015,7,3,23,15.033643190008624,13812
2015,7,4,0,14.215864409441316,12813
2015,7,4,1,13.28987755432485,12231
2015,7,4,2,12.398147891576462,11704
2015,7,4,3,11.933287744881767,11453
2015,7,4,4,11.45575992639112,11247
2015,7,4,5,10.874767658196372,11175
2015,7,4,6,12.277613302619262,11229
2015,7,4,7,14.484865632130655,11686
2015,7,4,8,17.315723521170558,12642
2015,7,4,9,19.895118097501054,13389
2015,7,4,10,21.45455228533643,13716
2015,7,4,11,22.377413486302494,14072
2015,7,4,12,22.861606483871107,14248
2015,7,4,13,23.938136306342866,14334
2015,7,4,14,24.171721342339517,14440
2015,7,4,15,24.346686622187246,14615
2015,7,4,16,24.57529236033889,15146
2015,7,4,17,24.752185077539032,15670
2015,7,4,18,24.434061439199613,15881
2015,7,4,19,23.14193382440513,15833
2015,7,4,20,20.67535279589764,15633
2015,7,4,21,19.09928221360113,15541
2015,7,4,22,17.964814849780772,14993
2015,7,4,23,17.461568496133292,14014
2015,7,5,0,16.675297602535856,13036
2015,7,5,1,15.760564642933609,12338
2015,7,5,2,15.332403075153849,11850
2015,7,5,3,14.739134568432677,11604
2015,7,5,4,14.319483366096929,11369
2015,7,5,5,14.302795451113887,11227
2015,7,5,6,15.216520298725403,11010
2015,7,5,7,17.440216032661954,11577
2015,7,5,8,19.535835653968633,12286
2015,7,5,9,21.896309927367476,13078
2015,7,5,10,23.14953226544141,13858
2015,7,5,11,24.189581463058197,14530
2015,7,5,12,25.09572353427361,14978
2015,7,5,13,25.739544555331946,15395
2015,7,5,14,26.375043673580418,15673
2015,7,5,15,26.644367093792578,16109
2015,7,5,16,26.567020845999114,16586
2015,7,5,17,26.29698439311648,17198
2015,7,5,18,25.771502176795234,17329
2015,7,5,19,24.272359993678826,17276
2015,7,5,20,22.228622668532054,17108
2015,7,5,21,20.258615043074894,17225
2015,7,5,22,19.42453981998689,16401
2015,7,5,23,18.425735767905504,15097
2015,7,6,0,17.39328596269568,13982
2015,7,6,1,17.26995055785134,13506
2015,7,6,2,16.803703639020448,12997
2015,7,6,3,16.26263106793194,12707
2015,7,6,4,15.797893870274333,12621
2015,7,6,5,15.724460252574955,13023
2015,7,6,6,15.958041614462196,13808
2015,7,6,7,18.565522650255815,15035
2015,7,6,8,20.581026398802493,16220
2015,7,6,9,22.609014619891635,16892
2015,7,6,10,23.576430542108444,17600
2015,7,6,11,24.431335929213798,18022
2015,7,6,12,25.304038058114006,18483
2015,7,6,13,25.40838054479777,18884
2015,7,6,14,25.887909049397866,19081
2015,7,6,15,25.570862833579483,19269
2015,7,6,16,25.1969344616903,19600
2015,7,6,17,24.887770159351884,19929
2015,7,6,18,24.30219518079707,19758
2015,7,6,19,23.183048927716076,19618
2015,7,6,20,21.801904456722873,19314
2015,7,6,21,20.79236229408782,19160
2015,7,6,22,19.826517282314253,17834
2015,7,6,23,19.140396233998413,16373
2015,7,7,0,18.784098369587216,14978
2015,7,7,1,19.164542629433065,14377
2015,7,7,2,18.7496952956105,13784
2015,7,7,3,18.699735155766408,13390
2015,7,7,4,18.98651817768442,13265
2015,7,7,5,19.387374351719146,13702
2015,7,7,6,20.32752855073382,14643
2015,7,7,7,21.084798350574,16098
2015,7,7,8,22.399578597280517,17107
2015,7,7,9,23.424019617557835,17831
2015,7,7,10,25.062023686631065,18573
2015,7,7,11,24.886813594288395,19145
2015,7,7,12,24.799435719685718,19569
2015,7,7,13,24.340133110991186,19749
2015,7,7,14,24.503852580930005,19454
2015,7,7,15,24.409635247904184,19203
2015,7,7,16,22.50426456518069,19469
2015,7,7,17,21.193481396927456,19083
2015,7,7,18,20.756154033584668,18692
2015,7,7,19,19.04013617043291,18231
2015,7,7,20,18.494405866410474,18023
2015,7,7,21,17.913381317923648,17868
2015,7,7,22,16.96820317133051,16795
2015,7,7,23,16.274297551779547,15108
2015,7,8,0,15.939910726259225,13884
2015,7,8,1,15.293827843542326,13253
2015,7,8,2,14.698507752289125,12841
2015,7,8,3,14.082456915202801,12626
2015,7,8,4,13.280654732536973,12534
2015,7,8,5,12.702436218085262,12793
2015,7,8,6,13.770794865181786,13525
2015,7,8,7,14.975379350289579,14633
2015,7,8,8,16.799360611274494,15376
2015,7,8,9,17.849526184364947,15721
2015,7,8,10,18.543095487491094,16025
2015,7,8,11,19.431674470495686,16194
2015,7,8,12,19.877493752214914,16343
2015,7,8,13,20.21067951180325,16531
2015,7,8,14,20.377710119692193,16619
2015,7,8,15,20.86066685583124,16593
2015,7,8,16,20.94980370432452,16674
2015,7,8,17,20.88688477879291,16885
2015,7,8,18,20.516101492268902,16818
2015,7,8,19,19.46636211210778,16656
2015,7,8,20,17.811749186134325,16724
2015,7,8,21,16.381833506174313,16862
2015,7,8,22,15.51767392372943,16071
2015,7,8,23,14.972974728785879,14651
2015,7,9,0,14.455318603844065,13664
2015,7,9,1,13.970043083911852,12928
2015,7,9,2,13.755034248883234,12571
2015,7,9,3,14.058039628690363,12378
2015,7,9,4,13.927389912937056,12349
2015,7,9,5,14.005091001659334,12763
2015,7,9,6,14.807982089546819,13660
2015,7,9,7,15.547772335471695,14935
2015,7,9,8,16.476069808273706,15674
2015,7,9,9,17.78953717495227,15941
2015,7,9,10,18.478167011658453,16141
2015,7,9,11,19.474749083754276,16299
2015,7,9,12,20.135160682211644,16402
2015,7,9,13,20.686872662741397,16718
2015,7,9,14,21.22589961325956,16700
2015,7,9,15,21.462306018236493,16821
2015,7,9,16,21.774146012624627,16908
2015,7,9,17,22.032362820552603,17232
2015,7,9,18,21.828960046290483,17231
2015,7,9,19,20.60686965811832,17274
2015,7,9,20,18.2291290769312,17160
2015,7,9,21,16.812669971136486,17268
2015,7,9,22,16.087178532020072,16332
2015,7,9,23,14.899924214245278,14898
2015,7,10,0,14.563767619276533,13672
2015,7,10,1,13.886708162162314,13020
2015,7,10,2,13.389030989748168,12582
2015,7,10,3,13.124325473555052,12294
2015,7,10,4,12.917460539213923,12175
2015,7,10,5,12.85924442069701,12422
2015,7,10,6,14.012132155375383,13139
2015,7,10,7,16.258544195874165,14660
2015,7,10,8,18.160680120419364,15488
2015,7,10,9,20.466511413831476,15932
2015,7,10,10,22.21190885837148,16449
2015,7,10,11,23.359207186347792,16745
2015,7,10,12,24.42217658958266,16983
2015,7,10,13,24.91306549192177,17242
2015,7,10,14,25.473628029664106,17389
2015,7,10,15,25.847306448470487,17581
2015,7,10,16,25.96862434455553,17728
2015,7,10,17,25.91253570923827,18078
2015,7,10,18,25.40069550445167,18144
2015,7,10,19,23.36817829252243,18129
2015,7,10,20,21.459735884962818,17773
2015,7,10,21,20.50972216130424,17624
2015,7,10,22,19.09748895926109,16894
2015,7,10,23,17.626073651345575,15425
2015,7,11,0,16.574782135359786,14064
2015,7,11,1,16.12512923452808,13244
2015,7,11,2,15.907264219647852,12626
2015,7,11,3,15.291707097607805,12225
2015,7,11,4,14.891109975753873,12101
2015,7,11,5,15.064366338401422,12060
2015,7,11,6,16.196682851158787,12176
2015,7,11,7,18.54178129558808,12888
2015,7,11,8,20.933396621574587,13744
2015,7,11,9,22.861140240426224,14823
2015,7,11,10,24.632363728389883,15500
2015,7,11,11,25.831942048972127,16028
2015,7,11,12,26.57897361694862,16305
2015,7,11,13,26.988886635180666,16533
2015,7,11,14,27.580537430732655,16775
2015,7,11,15,27.782921887226806,17019
2015,7,11,16,27.959294955668387,17505
2015,7,11,17,27.885332792749193,17946
2015,7,11,18,26.61794838029864,18016
2015,7,11,19,25.09273747590111,17896
2015,7,11,20,23.414729286650125,17492
2015,7,11,21,21.897778134766305,17282
2015,7,11,22,20.76025441283099,16562
2015,7,11,23,19.581423677028205,15452
2015,7,12,0,18.566053801374007,14423
2015,7,12,1,18.37823028674079,13578
2015,7,12,2,18.316981798106415,12972
2015,7,12,3,17.582938722560442,12551
2015,7,12,4,17.2668652012842,12322
2015,7,12,5,16.978033329838567,12210
2015,7,12,6,17.585255670107994,12152
2015,7,12,7,19.414258130028575,12752
2015,7,12,8,20.737352901306828,13435
2015,7,12,9,22.400246548228413,14617
2015,7,12,10,24.154781249089723,15391
2015,7,12,11,25.64620896525628,16155
2015,7,12,12,26.32664828842594,16644
2015,7,12,13,26.766798780866512,16977
2015,7,12,14,27.221962868248426,17152
2015,7,12,15,27.140355218431285,17483
2015,7,12,16,27.084043192397925,18029
2015,7,12,17,27.22641204081512,18357
2015,7,12,18,26.218739055212968,18464
2015,7,12,19,25.555576814478314,18420
2015,7,12,20,22.990938693785665,18135
2015,7,12,21,21.78751230991036,18340
2015,7,12,22,20.9141340991791,17428
2015,7,12,23,19.669826890786233,15989
2015,7,13,0,18.871930596447108,14598
2015,7,13,1,18.180562941375513,13825
2015,7,13,2,17.380495934117985,13380
2015,7,13,3,16.922268575408538,13040
2015,7,13,4,16.49469163013171,12823
2015,7,13,5,16.214971271462847,13072
2015,7,13,6,17.055787482525055,13900
2015,7,13,7,19.666520859258757,15365
2015,7,13,8,22.026820056293776,16716
2015,7,13,9,23.833115976008397,17645
2015,7,13,10,24.696420101059925,18166
2015,7,13,11,25.687898659048226,18903
2015,7,13,12,25.992991030164955,19200
2015,7,13,13,26.684793762742995,19593
2015,7,13,14,26.32771282487337,19745
2015,7,13,15,26.748659222005422,20099
2015,7,13,16,26.512013213409993,20437
2015,7,13,17,25.66998711864715,20811
2015,7,13,18,25.33556953889633,20635
2015,7,13,19,24.21297215985844,20414
2015,7,13,20,22.77621112905531,20110
2015,7,13,21,22.035984280591947,19958
2015,7,13,22,21.527472943770995,18837
2015,7,13,23,20.626232374658287,17106
2015,7,14,0,20.30431134721221,15678
2015,7,14,1,19.6849390708093,14659
2015,7,14,2,19.41394231798058,14244
2015,7,14,3,19.188122654507104,13947
2015,7,14,4,18.74343510949378,13828
2015,7,14,5,18.714480433577805,14173
2015,7,14,6,19.53548281437251,15200
2015,7,14,7,20.337019955783553,16557
2015,7,14,8,21.338394248185722,17490
2015,7,14,9,21.768106476233374,17932
2015,7,14,10,22.308739154353106,18624
2015,7,14,11,22.26911841303453,18943
2015,7,14,12,22.67972698436256,18992
2015,7,14,13,23.316260831749435,18852
2015,7,14,14,24.223906966700095,18801
2015,7,14,15,23.782287681246363,18976
2015,7,14,16,23.77899492241604,19071
2015,7,14,17,23.630098215766605,19563
2015,7,14,18,22.95536938044589,19289
2015,7,14,19,21.957071816433803,18806
2015,7,14,20,20.34303345636677,18740
2015,7,14,21,19.307902450114632,18789
2015,7,14,22,18.920955787336496,17675
2015,7,14,23,17.583663144023745,15808
2015,7,15,0,15.908629738053643,14437
2015,7,15,1,14.756590842287737,13320
2015,7,15,2,13.955300773568066,12588
2015,7,15,3,12.722671181393848,12469
2015,7,15,4,12.11114484864625,12204
2015,7,15,5,11.460688824863286,12539
2015,7,15,6,11.789345929234688,13338
2015,7,15,7,12.7192458722346,14260
2015,7,15,8,14.008155033625822,14919
2015,7,15,9,15.450471418514812,15086
2015,7,15,10,16.272521992174315,15349
2015,7,15,11,17.153209151321036,15552
2015,7,15,12,18.46450969110596,15650
2015,7,15,13,19.180437520410063,15766
2015,7,15,14,19.424666020775856,15763
2015,7,15,15,20.419964958406066,16000
2015,7,15,16,20.570008645532752,16491
2015,7,15,17,20.74525876729766,16907
2015,7,15,18,20.144571680579954,17118
2015,7,15,19,19.296268752984556,17307
2015,7,15,20,16.771705870523594,17055
2015,7,15,21,15.067876516117295,16970
2015,7,15,22,14.045010527966344,16017
2015,7,15,23,13.065424293696479,14652
2015,7,16,0,12.36609318781471,13403
2015,7,16,1,11.914881273140873,12658
2015,7,16,2,11.238301680233839,12411
2015,7,16,3,11.491990465416356,12247
2015,7,16,4,10.873000236546874,12192
2015,7,16,5,10.68796037453361,12493
2015,7,16,6,12.087609743932628,13230
2015,7,16,7,14.859354251491443,14437
2015,7,16,8,17.4494888989879,15091
2015,7,16,9,18.912435664480657,15531
2015,7,16,10,20.183803502988333,15922
2015,7,16,11,20.991064772479977,16263
2015,7,16,12,21.668633843660867,16352
2015,7,16,13,22.253768027606085,16507
2015,7,16,14,22.548751403211945,16318
2015,7,16,15,22.690704534087892,16720
2015,7,16,16,22.32461684169943,17125
2015,7,16,17,22.141116116010725,17467
2015,7,16,18,21.8473754033508,17524
2015,7,16,19,20.729991333858205,17484
2015,7,16,20,18.612299174167305,17150
2015,7,16,21,17.398887840698517,17255
2015,7,16,22,16.60816987570229,16143
2015,7,16,23,15.898300004327059,14795
2015,7,17,0,15.19983627136711,13619
2015,7,17,1,14.826842894689701,12863
2015,7,17,2,14.545801747670696,12548
2015,7,17,3,14.639608722072996,12342
2015,7,17,4,14.543148040711264,12301
2015,7,17,5,15.044250393068593,12812
2015,7,17,6,15.61926000895767,13759
2015,7,17,7,16.646402209980728,14670
2015,7,17,8,17.583064703347812,15334
2015,7,17,9,18.361771916646035,15963
2015,7,17,10,18.970495924888322,16312
2015,7,17,11,19.453850811246824,16547
2015,7,17,12,19.354150843667043,16634
2015,7,17,13,19.65948184790562,16802
2015,7,17,14,20.154795221755666,16723
2015,7,17,15,20.870731729952542,16735
2015,7,17,16,21.63004212733211,16808
2015,7,17,17,21.50985387380652,17206
2015,7,17,18,21.338266872786672,17077
2015,7,17,19,21.32120714871499,17147
2015,7,17,20,20.71504482523435,17113
2015,7,17,21,20.38362563994024,17409
2015,7,17,22,20.41810839170406,16532
2015,7,17,23,20.60336169034665,15256
2015,7,18,0,20.634269501864477,14175
2015,7,18,1,20.216287938583456,13519
2015,7,18,2,20.27713138446009,13068
2015,7,18,3,19.927380586241274,12896
2015,7,18,4,19.55355708233371,12795
2015,7,18,5,19.429543717684705,12808
2015,7,18,6,20.07178510204755,13029
2015,7,18,7,20.5978263648976,13863
2015,7,18,8,21.5365246060356,15009
2015,7,18,9,22.869223844921255,16164
2015,7,18,10,24.49329687795262,16979
2015,7,18,11,25.77489832784032,17613
2015,7,18,12,26.913583945409695,17983
2015,7,18,13,27.681124317337368,18234
2015,7,18,14,27.966504404905635,18438
2015,7,18,15,28.841493674981663,18491
2015,7,18,16,28.77214843733298,18801
2015,7,18,17,28.14549121189634,19257
2015,7,18,18,27.262108397950534,19163
2015,7,18,19,26.64936506787761,18915
2015,7,18,20,25.209614363414406,18634
2015,7,18,21,24.52558087540203,18751
2015,7,18,22,23.819688791325078,17984
2015,7,18,23,23.60591072193522,16795
2015,7,19,0,23.114693259896598,15811
2015,7,19,1,23.118818377575387,15159
2015,7,19,2,22.743849155752965,14541
2015,7,19,3,22.261763157929725,14084
2015,7,19,4,22.05259077362705,13747
2015,7,19,5,21.65159993939124,13608
2015,7,19,6,22.257039411261324,13440
2015,7,19,7,23.486293934265365,14101
2015,7,19,8,24.244702847745817,15469
2015,7,19,9,25.10507221009933,16776
2015,7,19,10,25.555391476932904,17945
2015,7,19,11,26.98472592344516,18726
2015,7,19,12,27.62110825090649,19132
2015,7,19,13,28.097346495273037,19485
2015,7,19,14,28.238296543932744,19563
2015,7,19,15,26.906386832443552,19912
2015,7,19,16,27.343546936428126,19649
2015,7,19,17,27.287200148585043,20038
2015,7,19,18,25.441877064857124,20020
2015,7,19,19,24.39439994532288,19792
2015,7,19,20,22.890277046003618,19414
2015,7,19,21,21.688310906010592,19202
2015,7,19,22,20.89811287175229,18284
2015,7,19,23,20.289366510525955,16671
2015,7,20,0,19.18067325532638,15373
2015,7,20,1,18.38589553930243,14579
2015,7,20,2,17.87496112128918,13740
2015,7,20,3,16.904642583387126,13366
2015,7,20,4,16.847297330402167,13236
2015,7,20,5,16.2055485942238,13565
2015,7,20,6,17.34708086422461,14357
2015,7,20,7,19.4142058378105,15701
2015,7,20,8,21.843703612795366,16901
2015,7,20,9,23.47052057456929,17520
2015,7,20,10,24.66095073854293,18214
2015,7,20,11,25.24856479610636,18811
2015,7,20,12,26.16800584911626,19225
2015,7,20,13,26.884128781243586,19561
2015,7,20,14,26.83965449859225,19754
2015,7,20,15,26.674538956344012,19906
2015,7,20,16,26.64552283470197,20036
2015,7,20,17,25.58708415571917,20259
2015,7,20,18,25.114763958108455,20227
2015,7,20,19,23.93493477659899,20166
2015,7,20,20,22.84426213363565,19903
2015,7,20,21,22.665579459118874,19669
2015,7,20,22,21.580492571896137,18371
2015,7,20,23,21.397073353269956,16813
2015,7,21,0,21.02516327679566,15721
2015,7,21,1,20.74963098380832,14846
2015,7,21,2,20.672452566436856,14330
2015,7,21,3,20.06931368590911,13959
2015,7,21,4,19.338510200599487,13762
2015,7,21,5,18.657662481316976,14173
2015,7,21,6,18.080513718444,14937
2015,7,21,7,18.21948447982888,15842
2015,7,21,8,19.097118475471543,16549
2015,7,21,9,20.420509915743807,17036
2015,7,21,10,21.6695176475434,17527
2015,7,21,11,22.55784142126918,17807
2015,7,21,12,22.920572859362956,17912
2015,7,21,13,23.291301328114518,17965
2015,7,21,14,23.799664667784104,18075
2015,7,21,15,23.40091437939641,18145
2015,7,21,16,23.76895614649713,18751
2015,7,21,17,23.54975127937768,19047
2015,7,21,18,22.90965443338544,18781
2015,7,21,19,21.953342823853834,18789
2015,7,21,20,19.84341527050989,18369
2015,7,21,21,18.412687327797432,18127
2015,7,21,22,17.834811250027997,17134
2015,7,21,23,17.001021217152072,15492
2015,7,22,0,17.127432088158077,14226
2015,7,22,1,16.474800500537206,13420
2015,7,22,2,16.146687510228244,12990
2015,7,22,3,15.131760490284389,12608
2015,7,22,4,14.750908903012101,12608
2015,7,22,5,13.93015303268941,12965
2015,7,22,6,14.89096978052121,13636
2015,7,22,7,16.662406439656895,14924
2015,7,22,8,18.312817275382557,15619
2015,7,22,9,19.670193878866677,16051
2015,7,22,10,20.678598880593302,16382
2015,7,22,11,21.65912651870697,16493
2015,7,22,12,22.276087572419197,16724
2015,7,22,13,22.72507216459042,17199
2015,7,22,14,22.94697699053366,17262
2015,7,22,15,22.83580716712512,17597
2015,7,22,16,22.68015333641815,17882
2015,7,22,17,22.672842127652846,18227
2015,7,22,18,22.204383336001257,18085
2015,7,22,19,21.338770479697086,17860
2015,7,22,20,19.243763015906666,17613
2015,7,22,21,16.961212770465984,17522
2015,7,22,22,15.967604717020146,16571
2015,7,22,23,15.757073970291795,15012
2015,7,23,0,15.296906466871066,13838
2015,7,23,1,14.507560045267713,13044
2015,7,23,2,13.936281769254819,12677
2015,7,23,3,13.947360492210679,12446
2015,7,23,4,13.792504216609213,12326
2015,7,23,5,13.451389522252537,12789
2015,7,23,6,14.410839618127119,13575
2015,7,23,7,16.91059664128148,14798
2015,7,23,8,18.85141637646049,15747
2015,7,23,9,20.773013949127296,16155
2015,7,23,10,22.061149102200396,16423
2015,7,23,11,22.930734260000335,16797
2015,7,23,12,23.31892913853268,17166
2015,7,23,13,24.010087579604857,17227
2015,7,23,14,24.940355224565767,17441
2015,7,23,15,24.76482718973215,17740
2015,7,23,16,24.70258420312776,17980
2015,7,23,17,24.54994080522039,18417
2015,7,23,18,23.96783279090929,18471
2015,7,23,19,22.83782820350213,18646
2015,7,23,20,20.54355692446475,18272
2015,7,23,21,18.64252219700124,18250
2015,7,23,22,17.024745654072696,17179
2015,7,23,23,15.573807799828842,15638
2015,7,24,0,14.837724230459408,14353
2015,7,24,1,14.69381260311448,13511
2015,7,24,2,14.141584883467754,13026
2015,7,24,3,13.907931602479945,12807
2015,7,24,4,13.096872484555098,12750
2015,7,24,5,12.991161014479264,13003
2015,7,24,6,14.023658054972863,13817
2015,7,24,7,16.553185908117257,14999
2015,7,24,8,19.683282590796658,15982
2015,7,24,9,21.946262113259074,16554
2015,7,24,10,23.9561569661058,16966
2015,7,24,11,24.87827599370377,17401
2015,7,24,12,25.741651542441865,17758
2015,7,24,13,26.5127763210214,18046
2015,7,24,14,26.72466081617954,18386
2015,7,24,15,26.79179744960974,18731
2015,7,24,16,27.407275621224994,19276
2015,7,24,17,27.271472757166418,19601
2015,7,24,18,26.042527744799667,19424
2015,7,24,19,24.523874820857795,19385
2015,7,24,20,22.73116783529658,18890
2015,7,24,21,21.967849261119202,18885
2015,7,24,22,21.111410481894957,17835
2015,7,24,23,20.405490167128907,16438
2015,7,25,0,19.714019295491248,15096
2015,7,25,1,19.1228817496068,14150
2015,7,25,2,18.82869399882104,13538
2015,7,25,3,19.19965594086465,13163
2015,7,25,4,19.21529934770646,13011
2015,7,25,5,19.322170707526798,13124
2015,7,25,6,19.552673067838917,13291
2015,7,25,7,20.262789399674933,13634
2015,7,25,8,22.132098342789256,14724
2015,7,25,9,24.18937258406355,16143
2015,7,25,10,25.286805822423773,17051
2015,7,25,11,26.265268540414187,17661
2015,7,25,12,27.220914809240835,18078
2015,7,25,13,27.32782548594347,18251
2015,7,25,14,27.242792174535193,18247
2015,7,25,15,27.06126352713389,18211
2015,7,25,16,26.47028489005072,18751
2015,7,25,17,25.922399710889188,19105
2015,7,25,18,25.467101939133535,18750
2015,7,25,19,24.500981083310744,18534
2015,7,25,20,22.9631564251047,18229
2015,7,25,21,21.326310471654562,18287
2015,7,25,22,20.90040657397529,17356
2015,7,25,23,20.53188315679353,16357
2015,7,26,0,19.78200769363964,15149
2015,7,26,1,19.04773782686942,14251
2015,7,26,2,18.36070106419143,13569
2015,7,26,3,17.3501406971369,13138
2015,7,26,4,17.16406524353223,12905
2015,7,26,5,16.477155328371346,12858
2015,7,26,6,17.3317154332047,12724
2015,7,26,7,19.133119625114166,13041
2015,7,26,8,21.391301128086255,14280
2015,7,26,9,23.199084868014854,15444
2015,7,26,10,25.016159840108852,16474
2015,7,26,11,26.40137259188423,17255
2015,7,26,12,26.789688368143853,17923
2015,7,26,13,27.983449254700844,18069
2015,7,26,14,28.498138087680797,18304
2015,7,26,15,28.716794025426765,18595
2015,7,26,16,28.696263226648394,19201
2015,7,26,17,27.995225778480492,19540
2015,7,26,18,27.430341351220576,19751
2015,7,26,19,25.8138637941722,19763
2015,7,26,20,23.73425859791446,19292
2015,7,26,21,22.152615835172387,19452
2015,7,26,22,21.599913423085958,18418
2015,7,26,23,20.54307210392716,16965
2015,7,27,0,19.64147231294339,15687
2015,7,27,1,18.897117342344313,14804
2015,7,27,2,18.41270931660392,14261
2015,7,27,3,17.58328642172639,13944
2015,7,27,4,16.79774606977406,13825
2015,7,27,5,16.873958701480603,14131
2015,7,27,6,18.071896564685392,14873
2015,7,27,7,20.722010875279548,16361
2015,7,27,8,23.45889886330144,17542
2015,7,27,9,25.918256733442256,18627
2015,7,27,10,27.3202983334717,19469
2015,7,27,11,28.268343132880428,20156
2015,7,27,12,28.894678969384668,20669
2015,7,27,13,29.60002353268755,21055
2015,7,27,14,30.30954909240297,21189
2015,7,27,15,31.065371112452397,21309
2015,7,27,16,30.50215740113348,21461
2015,7,27,17,30.439334967726992,21872
2015,7,27,18,29.494073292867242,21920
2015,7,27,19,27.819386746212206,21816
2015,7,27,20,25.14506826675242,21561
2015,7,27,21,23.54087069204857,21666
2015,7,27,22,22.141961392099486,20290
2015,7,27,23,20.810262394094895,18593
2015,7,28,0,20.040206044164943,17004
2015,7,28,1,19.25481891094973,16044
2015,7,28,2,18.815322654682394,15330
2015,7,28,3,17.865653632039248,14791
2015,7,28,4,17.590232334243986,14637
2015,7,28,5,17.384935507058504,14917
2015,7,28,6,18.459964187626156,15364
2015,7,28,7,21.573526045294948,16767
2015,7,28,8,24.085439758596625,18094
2015,7,28,9,26.418740398278434,19179
2015,7,28,10,28.027423127251875,19857
2015,7,28,11,29.36945478430552,20597
2015,7,28,12,30.24735682453733,21026
2015,7,28,13,30.98487627185,21552
2015,7,28,14,31.534735058144538,21710
2015,7,28,15,31.547794299600632,21836
2015,7,28,16,31.710303001635534,22151
2015,7,28,17,31.09666081520431,22516
2015,7,28,18,30.229219781022557,22371
2015,7,28,19,27.937255865091956,22212
2015,7,28,20,26.089743224982062,22031
2015,7,28,21,24.23095312220967,22063
2015,7,28,22,23.292182359763693,20785
2015,7,28,23,22.618850755875915,18936
2015,7,29,0,21.532090814481545,17385
2015,7,29,1,20.96844391070029,16256
2015,7,29,2,20.372956077378436,15484
2015,7,29,3,20.006118789158663,14954
2015,7,29,4,19.11999019887438,14744
2015,7,29,5,18.823319730903304,15187
2015,7,29,6,19.47743712040326,15947
2015,7,29,7,21.532245588086187,17114
2015,7,29,8,23.81272886771974,18470
2015,7,29,9,26.32786773904128,19627
2015,7,29,10,27.885100131122687,20467
2015,7,29,11,29.7661274294708,21299
2015,7,29,12,30.3363903243016,21871
2015,7,29,13,30.9596024475318,22260
2015,7,29,14,30.776265545420618,21995
2015,7,29,15,31.09112832038232,21785
2015,7,29,16,30.73455488831324,22274
2015,7,29,17,29.775851780979092,22471
2015,7,29,18,28.729553004950894,22310
2015,7,29,19,27.67092912726397,22083
2015,7,29,20,26.27246795613775,21910
2015,7,29,21,25.020546083046032,21952
2015,7,29,22,24.319736920747786,20993
2015,7,29,23,24.386833667635138,19160
2015,7,30,0,24.13050377695792,17751
2015,7,30,1,23.810160121368813,17019
2015,7,30,2,23.09429211694551,16179
2015,7,30,3,22.19374567262321,15762
2015,7,30,4,20.554972617749744,15615
2015,7,30,5,19.596115229464623,15744
2015,7,30,6,19.736590496526457,16321
2015,7,30,7,21.19571921755676,17512
2015,7,30,8,23.09656390472455,18713
2015,7,30,9,24.811349922287683,19373
2015,7,30,10,26.11050430688427,20035
2015,7,30,11,26.80425227190815,20302
2015,7,30,12,27.27305862577903,20398
2015,7,30,13,27.731256252693743,20343
2015,7,30,14,27.859601888289006,20596
2015,7,30,15,27.52096506686994,20455
2015,7,30,16,27.93072502759583,20376
2015,7,30,17,27.255080894897063,20832
2015,7,30,18,27.07607914073695,20762
2015,7,30,19,25.0088801072892,20681
2015,7,30,20,23.10432254127752,20284
2015,7,30,21,21.974350604971622,20328
2015,7,30,22,20.986134421846476,18999
2015,7,30,23,20.429309827545925,17361
2015,7,31,0,19.587736649043293,15897
2015,7,31,1,18.765702227733073,14894
2015,7,31,2,17.664735861581526,14331
2015,7,31,3,16.820125630075157,13857
2015,7,31,4,16.775948748936102,13774
2015,7,31,5,16.20078387547844,14156
2015,7,31,6,16.72036138004801,14764
2015,7,31,7,19.045847263299347,16115
2015,7,31,8,21.005133318288422,17105
2015,7,31,9,23.21984426111693,17849
2015,7,31,10,24.887417282871006,18447
2015,7,31,11,26.232798541769917,18774
2015,7,31,12,26.867340873503355,19128
2015,7,31,13,27.20987185005364,19740
2015,7,31,14,27.302627979488218,19827
2015,7,31,15,25.581162379007456,19879
2015,7,31,16,26.757919343518576,19920
2015,7,31,17,25.02079963270228,20363
2015,7,31,18,24.934599028874466,19946
2015,7,31,19,23.812811420177937,19374
2015,7,31,20,22.025656286691337,18931
2015,7,31,21,17.104559172390854,18876
2015,7,31,22,18.94459234834494,17703
2015,7,31,23,18.35028990921623,16069
2015,8,1,0,17.656861314739814,14927
2015,8,1,1,17.218007520569056,14230
2015,8,1,2,16.4419438258081,13510
2015,8,1,3,16.081246046358753,12972
2015,8,1,4,16.039045471243366,12778
2015,8,1,5,15.260013816327527,12764
2015,8,1,6,15.905807655382715,12699
2015,8,1,7,17.545840767153813,13284
2015,8,1,8,19.2043500616156,14431
2015,8,1,9,20.663468574773546,15152
2015,8,1,10,22.069494397073477,15648
2015,8,1,11,23.120922868965653,16058
2015,8,1,12,23.98582284826231,16269
2015,8,1,13,24.65115101114668,16395
2015,8,1,14,24.585745325000456,16277
2015,8,1,15,23.85282371046495,16334
2015,8,1,16,23.611550582909157,16618
2015,8,1,17,23.975759755557217,16984
2015,8,1,18,23.63774803858902,17191
2015,8,1,19,21.967020612109227,17012
2015,8,1,20,20.134110591096682,16607
2015,8,1,21,18.882737460277752,16408
2015,8,1,22,17.675537257272826,15472
2015,8,1,23,16.75473498439233,14577
2015,8,2,0,16.305744310970066,13594
2015,8,2,1,15.825104243258618,12876
2015,8,2,2,15.622312194308355,12582
2015,8,2,3,16.03823775706348,12313
2015,8,2,4,15.616245490720003,12085
2015,8,2,5,15.13495265893499,12129
2015,8,2,6,15.727942310322975,12020
2015,8,2,7,17.822139097923138,12383
2015,8,2,8,20.11029197886823,13382
2015,8,2,9,22.868873336891642,14209
2015,8,2,10,24.127463725634538,14896
2015,8,2,11,25.434703598532195,15297
2015,8,2,12,26.336999582909336,15718
2015,8,2,13,27.100454368844193,16013
2015,8,2,14,27.165939020841652,16349
2015,8,2,15,25.345607187275057,16885
2015,8,2,16,22.837509135405746,17462
2015,8,2,17,21.97525309086564,17248
2015,8,2,18,21.3097577858714,16785
2015,8,2,19,21.298861725871777,16345
2015,8,2,20,21.25081402656468,16392
2015,8,2,21,21.261542807302355,16550
2015,8,2,22,17.009662174788996,15949
2015,8,2,23,14.2362149689945,14527
2015,8,3,0,12.968081830946742,13951
2015,8,3,1,17.496878601192456,13224
2015,8,3,2,17.4073852901695,12592
2015,8,3,3,17.14452875782521,12188
2015,8,3,4,17.43262903125242,11965
2015,8,3,5,17.720699811763964,12120
2015,8,3,6,17.882613040798415,12410
2015,8,3,7,18.053687587016096,12867
2015,8,3,8,19.19586985060924,13536
2015,8,3,9,20.10671270799125,14273
2015,8,3,10,21.203971141742723,14899
2015,8,3,11,21.99815488655426,15659
2015,8,3,12,22.75408199154156,16117
2015,8,3,13,23.400309741057313,16197
2015,8,3,14,23.91389201920457,16136
2015,8,3,15,23.94643159321855,16317
2015,8,3,16,23.697152522415553,16906
2015,8,3,17,23.243522055143274,17467
2015,8,3,18,22.066072038787514,17401
2015,8,3,19,21.145796406845307,17144
2015,8,3,20,19.36255984048006,16972
2015,8,3,21,18.4258157214064,17055
2015,8,3,22,17.843585062028556,16227
2015,8,3,23,17.176348442713063,14781
2015,8,4,0,17.07480639823067,13739
2015,8,4,1,17.155689091546115,13086
2015,8,4,2,16.892053739752672,12788
2015,8,4,3,16.658754550495612,12600
2015,8,4,4,16.288245049236664,12619
2015,8,4,5,15.73740116458272,13024
2015,8,4,6,15.911027384491021,13678
2015,8,4,7,17.536658277112988,14952
2015,8,4,8,18.80964523961586,15918
2015,8,4,9,20.07821071831355,16342
2015,8,4,10,21.26974646992771,16856
2015,8,4,11,22.037485386715993,17103
2015,8,4,12,22.49331147980026,17171
2015,8,4,13,23.061853063750338,17521
2015,8,4,14,21.344331772288097,17685
2015,8,4,15,20.684061200576338,17660
2015,8,4,16,20.619065359419025,17853
2015,8,4,17,21.004805746298484,18189
2015,8,4,18,20.304156975977122,18061
2015,8,4,19,18.93982999416314,17948
2015,8,4,20,18.373107585728334,17961
2015,8,4,21,17.84028051875184,17861
2015,8,4,22,17.142629796345584,16800
2015,8,4,23,16.576312614382676,15251
2015,8,5,0,16.043285429723635,14242
2015,8,5,1,15.83639886042746,13328
2015,8,5,2,15.428777512083933,12782
2015,8,5,3,14.661076744550273,12461
2015,8,5,4,14.14933972551731,12465
2015,8,5,5,14.155957597716478,12834
2015,8,5,6,14.339401435070771,13710
2015,8,5,7,15.54311484684843,14801
2015,8,5,8,17.01136671205228,15602
2015,8,5,9,18.328203452733906,15860
2015,8,5,10,19.20472573029498,16284
2015,8,5,11,20.16538873357122,16648
2015,8,5,12,20.45270950049171,16690
2015,8,5,13,20.9351679435381,16703
2015,8,5,14,21.111172812049226,16693
2015,8,5,15,21.640428582417762,16753
2015,8,5,16,21.659210335622895,17040
2015,8,5,17,20.869094182540035,17430
2015,8,5,18,20.477800568262882,17306
2015,8,5,19,19.228149387309813,17405
2015,8,5,20,17.38017881179055,17079
2015,8,5,21,16.49970838838272,17298
2015,8,5,22,15.91921827470746,16135
2015,8,5,23,15.259406385441919,14880
2015,8,6,0,14.20033419569385,13603
2015,8,6,1,13.741259534475558,12887
2015,8,6,2,13.259461908243356,12458
2015,8,6,3,12.4880091586196,12297
2015,8,6,4,11.859367256331812,12349
2015,8,6,5,11.75264894972124,12902
2015,8,6,6,12.950069125978484,13597
2015,8,6,7,15.083674770564526,14650
2015,8,6,8,17.157259611361827,15257
2015,8,6,9,19.11608290651087,15701
2015,8,6,10,20.118737885361302,16016
2015,8,6,11,20.739906616667653,16311
2015,8,6,12,21.40814593673536,16538
2015,8,6,13,22.12969673170889,16719
2015,8,6,14,21.979480071982106,16674
2015,8,6,15,22.550580549847197,16964
2015,8,6,16,22.453261535829164,17224
2015,8,6,17,22.298794223992125,17734
2015,8,6,18,21.83541933367727,17622
2015,8,6,19,20.34927740890624,17488
2015,8,6,20,18.176644612314174,17489
2015,8,6,21,17.726970389397902,17493
2015,8,6,22,16.212739594869547,16269
2015,8,6,23,15.239502623646185,15080
2015,8,7,0,14.026066211848448,13843
2015,8,7,1,13.43646204162681,13106
2015,8,7,2,13.13665692725023,12736
2015,8,7,3,12.838943832099982,12543
2015,8,7,4,12.74665759759587,12567
2015,8,7,5,12.461399861508077,12892
2015,8,7,6,13.385178679213515,13493
2015,8,7,7,15.57784244911452,14574
2015,8,7,8,18.411618721987956,15430
2015,8,7,9,19.807508723416205,15831
2015,8,7,10,20.743395001537326,16155
2015,8,7,11,21.35145753039219,16811
2015,8,7,12,21.858013492584902,16945
2015,8,7,13,22.360977747211784,17126
2015,8,7,14,22.98949413969734,17184
2015,8,7,15,23.209028475772747,17268
2015,8,7,16,22.97286714934775,17489
2015,8,7,17,22.91927831981763,17568
2015,8,7,18,22.606375645352045,17521
2015,8,7,19,21.37195590397566,17548
2015,8,7,20,19.460103628418448,17286
2015,8,7,21,17.564241780972736,17132
2015,8,7,22,16.645930955862212,16121
2015,8,7,23,16.334524215014373,14752
2015,8,8,0,15.855847291781094,13625
2015,8,8,1,15.564648423068846,12814
2015,8,8,2,15.09079476757888,12409
2015,8,8,3,14.592213525150857,12162
2015,8,8,4,15.019929193393065,12084
2015,8,8,5,15.507171417273657,12106
2015,8,8,6,15.625886541184403,12360
2015,8,8,7,16.300517761812472,13035
2015,8,8,8,17.38688857671089,13834
2015,8,8,9,18.78935678986136,14452
2015,8,8,10,19.84039894162367,14831
2015,8,8,11,20.88374780311924,15045
2015,8,8,12,21.285665882169372,15056
2015,8,8,13,21.46473917415009,15023
2015,8,8,14,21.51491951419511,14988
2015,8,8,15,21.88546072502763,15061
2015,8,8,16,21.885567400112752,15336
2015,8,8,17,21.743677103685187,15625
2015,8,8,18,21.403494765218667,15509
2015,8,8,19,20.633210578056403,15342
2015,8,8,20,19.009447714019885,15248
2015,8,8,21,17.60131097871708,15412
2015,8,8,22,16.720689484565114,14717
2015,8,8,23,16.09956441823246,13788
2015,8,9,0,15.718737600541369,12854
2015,8,9,1,14.934412448358586,12229
2015,8,9,2,13.87022753060777,11900
2015,8,9,3,13.558397714138938,11593
2015,8,9,4,13.344616373116272,11414
2015,8,9,5,12.928834219345905,11436
2015,8,9,6,13.625425374718574,11452
2015,8,9,7,16.19878243424916,11745
2015,8,9,8,19.031013022703398,12500
2015,8,9,9,20.800518854949527,13201
2015,8,9,10,21.689647551700112,13744
2015,8,9,11,22.090522966469738,14388
2015,8,9,12,23.12576405645821,14645
2015,8,9,13,23.593650902880288,15002
2015,8,9,14,23.853363888462187,15259
2015,8,9,15,24.25312349403737,15503
2015,8,9,16,24.439573804060185,15954
2015,8,9,17,24.13671128607821,16613
2015,8,9,18,23.908678352065863,16976
2015,8,9,19,22.071576971735837,17012
2015,8,9,20,19.745321947591556,16797
2015,8,9,21,18.25447198039987,16828
2015,8,9,22,17.12032316577479,15761
2015,8,9,23,15.907493856683057,14340
2015,8,10,0,15.480327654150837,13455
2015,8,10,1,14.297947715823312,12797
2015,8,10,2,14.230890373459827,12478
2015,8,10,3,13.75275236430387,12357
2015,8,10,4,13.518952117296754,12326
2015,8,10,5,13.585303166340793,12876
2015,8,10,6,14.53307690301585,13630
2015,8,10,7,16.71526011163693,14926
2015,8,10,8,18.34158805737378,15660
2015,8,10,9,20.772606373452778,16330
2015,8,10,10,22.124762197860377,16792
2015,8,10,11,23.06159947332002,17184
2015,8,10,12,23.288284619571876,17507
2015,8,10,13,23.17992352183859,17815
2015,8,10,14,22.239839773217465,17892
2015,8,10,15,21.312877137873617,17909
2015,8,10,16,20.780160753233393,18139
2015,8,10,17,20.35287588078698,18207
2015,8,10,18,19.921429985119502,17818
2015,8,10,19,19.75560210700627,17664
2015,8,10,20,18.993261312748555,17761
2015,8,10,21,18.409952205359083,17585
2015,8,10,22,18.03002232461557,16386
2015,8,10,23,17.87772426636116,15210
2015,8,11,0,17.856283446856626,14096
2015,8,11,1,17.669336685597898,13557
2015,8,11,2,17.596519695749084,13115
2015,8,11,3,17.723583152924558,12895
2015,8,11,4,17.631440099672766,12867
2015,8,11,5,17.532507376441135,13104
2015,8,11,6,17.591740244544958,14013
2015,8,11,7,18.22776768659067,15289
2015,8,11,8,19.33548837768888,16296
2015,8,11,9,19.91848311312821,16897
2015,8,11,10,20.726696434023047,17276
2015,8,11,11,21.62666968611481,17476
2015,8,11,12,22.59708069641829,17678
2015,8,11,13,22.690795927692626,17923
2015,8,11,14,23.001157895200834,17960
2015,8,11,15,23.086460492602523,17935
2015,8,11,16,22.717360743925795,18269
2015,8,11,17,22.239244956643223,18594
2015,8,11,18,21.98729876404482,18360
2015,8,11,19,20.53375949469518,18240
2015,8,11,20,19.330769260821423,17911
2015,8,11,21,18.136268719850584,17840
2015,8,11,22,17.15787181988288,16619
2015,8,11,23,16.60599910893903,15092
2015,8,12,0,15.738830787188489,14052
2015,8,12,1,16.39100571662395,13345
2015,8,12,2,16.21534051919314,12919
2015,8,12,3,16.17630303096827,12591
2015,8,12,4,15.904735552046928,12455
2015,8,12,5,15.535799739967525,12807
2015,8,12,6,15.704329494564087,13699
2015,8,12,7,16.68871869941818,14880
2015,8,12,8,17.871872201759366,15682
2015,8,12,9,18.144947123279017,15938
2015,8,12,10,19.280078199150925,16144
2015,8,12,11,20.151463578573633,16329
2015,8,12,12,20.495094304189465,16321
2015,8,12,13,21.30163553007658,16422
2015,8,12,14,22.057419778221036,16492
2015,8,12,15,21.974279832237574,16681
2015,8,12,16,21.7092487087376,16909
2015,8,12,17,21.5167051789074,17175
2015,8,12,18,20.92121277114569,17136
2015,8,12,19,19.60877425431656,17118
2015,8,12,20,17.845255111579316,17121
2015,8,12,21,16.290324104840046,16979
2015,8,12,22,15.350281495385364,15832
2015,8,12,23,14.508316849681272,14528
2015,8,13,0,13.648259133166833,13554
2015,8,13,1,13.508112398704387,12802
2015,8,13,2,13.435550100722859,12373
2015,8,13,3,12.600081336183317,12066
2015,8,13,4,12.77723993496413,12150
2015,8,13,5,12.617989453485754,12528
2015,8,13,6,13.147660454202057,13322
2015,8,13,7,15.17693153316555,14485
2015,8,13,8,17.903584573564032,15329
2015,8,13,9,20.53281154440061,15751
2015,8,13,10,21.963704280655392,16095
2015,8,13,11,23.355997067054222,16394
2015,8,13,12,23.9096704961277,16669
2015,8,13,13,24.910771303929266,16933
2015,8,13,14,25.198862643882904,17200
2015,8,13,15,25.03913804050121,17448
2015,8,13,16,25.399374414018308,17829
2015,8,13,17,25.71653775863334,18219
2015,8,13,18,24.819662958202436,18381
2015,8,13,19,23.71731688991515,18561
2015,8,13,20,22.340624648785518,18606
2015,8,13,21,21.65347928327162,18725
2015,8,13,22,21.03353222403193,17433
2015,8,13,23,20.6147175362844,16026
2015,8,14,0,20.42436192268435,14865
2015,8,14,1,20.27657566045905,13993
2015,8,14,2,20.402197196346613,13399
2015,8,14,3,20.339452975888914,13203
2015,8,14,4,20.139478654912317,13237
2015,8,14,5,20.214868384944328,13636
2015,8,14,6,20.315736271589223,14555
2015,8,14,7,20.846942408478153,15808
2015,8,14,8,21.43460151576472,16858
2015,8,14,9,22.69086928825411,17205
2015,8,14,10,24.0066550780394,17596
2015,8,14,11,23.51612012413883,17932
2015,8,14,12,23.136653229386898,18314
2015,8,14,13,23.6917285637781,18389
2015,8,14,14,24.249487118911084,18330
2015,8,14,15,24.74741970762598,18422
2015,8,14,16,24.601867669669357,18647
2015,8,14,17,24.721247777731936,18949
2015,8,14,18,25.30459047481045,18923
2015,8,14,19,23.937660008708743,19064
2015,8,14,20,22.60933037934518,19159
2015,8,14,21,21.301084669975662,18821
2015,8,14,22,20.86169405685977,17818
2015,8,14,23,20.197492224517255,16328
2015,8,15,0,19.364095651321968,15098
2015,8,15,1,19.076158176909168,14278
2015,8,15,2,19.029845118791965,13709
2015,8,15,3,18.693692855110495,13388
2015,8,15,4,18.82495186511309,13207
2015,8,15,5,18.605993267031685,13133
2015,8,15,6,18.587462148577806,13341
2015,8,15,7,19.562623482080166,13854
2015,8,15,8,20.681159152870123,14791
2015,8,15,9,21.84230765242947,15995
2015,8,15,10,23.654647327798703,16928
2015,8,15,11,25.197272743135343,17618
2015,8,15,12,26.35610648238642,17949
2015,8,15,13,27.095064458022886,18274
2015,8,15,14,27.882291186374015,18637
2015,8,15,15,28.356946412582342,18876
2015,8,15,16,28.407080602932638,19341
2015,8,15,17,28.21970620732044,19658
2015,8,15,18,27.40896020472798,19734
2015,8,15,19,25.515317719359714,19364
2015,8,15,20,23.18217662451745,18932
2015,8,15,21,22.162325979123793,18811
2015,8,15,22,21.545835939794532,17707
2015,8,15,23,20.7760491353542,16455
2015,8,16,0,20.170237205130242,15257
2015,8,16,1,19.31685306904647,14543
2015,8,16,2,19.108438754424522,13740
2015,8,16,3,18.503277751808117,13429
2015,8,16,4,18.36325968563387,13160
2015,8,16,5,17.649222541539565,13103
2015,8,16,6,17.933058886852137,13125
2015,8,16,7,19.81018478707859,13451
2015,8,16,8,22.174697567182168,14363
2015,8,16,9,24.347355527690212,15785
2015,8,16,10,26.362666100390133,16810
2015,8,16,11,27.588552128050157,17796
2015,8,16,12,28.359367706562,18461
2015,8,16,13,28.82376136116036,18786
2015,8,16,14,29.343423892010787,19032
2015,8,16,15,29.352751072961244,19261
2015,8,16,16,29.30133224668552,19964
2015,8,16,17,28.828302807136055,20534
2015,8,16,18,27.912468156020726,20639
2015,8,16,19,26.081060761314827,20465
2015,8,16,20,24.63044908570126,20289
2015,8,16,21,23.346846177765794,20146
2015,8,16,22,22.23291818782465,18774
2015,8,16,23,21.56462844264297,17320
2015,8,17,0,21.254175244415094,16086
2015,8,17,1,20.896297449745088,15489
2015,8,17,2,21.038566171219962,14776
2015,8,17,3,20.90417922645636,14425
2015,8,17,4,20.574367404592763,14283
2015,8,17,5,20.605273227012788,14621
2015,8,17,6,20.505899323232253,15717
2015,8,17,7,21.996582040553474,16859
2015,8,17,8,23.279648414067093,18051
2015,8,17,9,25.38904606744886,19284
2015,8,17,10,26.792060827375128,20341
2015,8,17,11,27.925198146380698,20995
2015,8,17,12,28.929292754414707,21648
2015,8,17,13,29.373192613912416,21514
2015,8,17,14,29.748496211047566,21736
2015,8,17,15,29.28075189424358,21851
2015,8,17,16,27.359006856263775,22155
2015,8,17,17,28.110565858323874,22383
2015,8,17,18,27.258542842329028,22196
2015,8,17,19,25.95187121180217,21834
2015,8,17,20,24.94451291334146,21963
2015,8,17,21,23.612023325535333,21675
2015,8,17,22,22.317675611419205,20256
2015,8,17,23,21.747994820732618,18545
2015,8,18,0,21.425557956991476,17201
2015,8,18,1,21.04371035631108,16345
2015,8,18,2,20.128274106749252,15527
2015,8,18,3,20.103149674917525,15231
2015,8,18,4,20.26213997026818,14973
2015,8,18,5,20.261586688308675,15259
2015,8,18,6,20.355144134850967,16379
2015,8,18,7,21.419896426969263,17610
2015,8,18,8,22.288890510731104,18486
2015,8,18,9,23.501048712352873,19254
2015,8,18,10,24.367516196116117,19723
2015,8,18,11,25.030180321377987,20117
2015,8,18,12,25.76964909583056,20333
2015,8,18,13,26.04879025028026,20287
2015,8,18,14,25.913009476045275,19929
2015,8,18,15,25.66251161706118,20114
2015,8,18,16,25.50191701895735,20511
2015,8,18,17,26.117215381836413,20828
2015,8,18,18,25.468201050919845,20640
2015,8,18,19,22.978202361280452,20392
2015,8,18,20,21.762831655593057,20482
2015,8,18,21,21.514485012749166,20173
2015,8,18,22,20.958602904342975,18685
2015,8,18,23,20.62711471340945,17189
2015,8,19,0,19.83037420266456,15877
2015,8,19,1,19.68786954777011,15091
2015,8,19,2,19.41525498537455,14481
2015,8,19,3,19.555016399619216,14183
2015,8,19,4,19.59915106387477,14130
2015,8,19,5,19.73571571944947,14665
2015,8,19,6,19.960571337395173,15601
2015,8,19,7,20.77442789949934,16704
2015,8,19,8,21.72367771510889,17833
2015,8,19,9,22.589333126595477,18636
2015,8,19,10,24.697872303211067,19299
2015,8,19,11,25.59415206051987,20095
2015,8,19,12,26.07305993788137,20632
2015,8,19,13,27.191807112620484,20837
2015,8,19,14,27.5416210465679,21300
2015,8,19,15,27.7719730952233,21279
2015,8,19,16,27.79485590652982,21439
2015,8,19,17,27.672256516100006,21629
2015,8,19,18,26.724945944046382,21516
2015,8,19,19,24.949713479817657,21150
2015,8,19,20,23.923565903803294,21322
2015,8,19,21,23.39361762408755,21054
2015,8,19,22,22.637636049557543,19565
2015,8,19,23,22.579983592923472,18090
2015,8,20,0,22.444653033005945,16548
2015,8,20,1,22.655986548619374,15853
2015,8,20,2,22.606851236662205,15260
2015,8,20,3,22.85772549341585,14856
2015,8,20,4,22.940701028490356,14743
2015,8,20,5,22.865725602150462,15417
2015,8,20,6,23.109722989237643,16470
2015,8,20,7,22.95926276285713,17640
2015,8,20,8,23.201723839657166,18529
2015,8,20,9,21.786049255381947,19125
2015,8,20,10,21.606900251256405,19257
2015,8,20,11,22.081703661085854,19229
2015,8,20,12,22.815406839485,19223
2015,8,20,13,23.314439981319996,19132
2015,8,20,14,23.66488371108022,19214
2015,8,20,15,24.03875556293028,19453
2015,8,20,16,23.39496517630579,19680
2015,8,20,17,23.5263810315138,19721
2015,8,20,18,22.15966820542479,19467
2015,8,20,19,21.337910035588763,19076
2015,8,20,20,20.169485382291683,18835
2015,8,20,21,19.3273345696151,18515
2015,8,20,22,18.912867666315996,17242
2015,8,20,23,18.610586408274692,15585
2015,8,21,0,18.062924197290943,14413
2015,8,21,1,17.23683486668476,13602
2015,8,21,2,16.85142175714143,13117
2015,8,21,3,16.214508975793738,12762
2015,8,21,4,15.902828476322648,12777
2015,8,21,5,15.683361652232458,13132
2015,8,21,6,15.756217535412468,14146
2015,8,21,7,16.515216059034586,15046
2015,8,21,8,18.012903009040485,15820
2015,8,21,9,19.1294237133491,16288
2015,8,21,10,19.993582008080654,16457
2015,8,21,11,19.73788533100227,16736
2015,8,21,12,19.95589734937328,16605
2015,8,21,13,21.06468302154427,16738
2015,8,21,14,21.280262196792197,16696
2015,8,21,15,21.633829836444303,16592
2015,8,21,16,21.812008888579207,16751
2015,8,21,17,21.576549832586874,17103
2015,8,21,18,20.955513388769788,17026
2015,8,21,19,19.63580316207289,17050
2015,8,21,20,17.954972973129433,17294
2015,8,21,21,16.507169889511704,17236
2015,8,21,22,15.259883721852416,15947
2015,8,21,23,14.902454938401643,14587
2015,8,22,0,14.391120840763485,13555
2015,8,22,1,13.782695167549535,12807
2015,8,22,2,13.04194002407154,12324
2015,8,22,3,12.42242454786024,12004
2015,8,22,4,12.38403863837193,11795
2015,8,22,5,11.757311108213846,11890
2015,8,22,6,11.921037474520588,12209
2015,8,22,7,14.731665342732226,12697
2015,8,22,8,17.83938618471216,13518
2015,8,22,9,20.177861048544553,14380
2015,8,22,10,21.144464953844295,14725
2015,8,22,11,22.12321900017031,15068
2015,8,22,12,22.751788130203938,15377
2015,8,22,13,23.142465707626545,15494
2015,8,22,14,23.83427812809976,15513
2015,8,22,15,23.9475262285632,15654
2015,8,22,16,24.04449497928052,16068
2015,8,22,17,23.59930770302757,16460
2015,8,22,18,22.91948523322871,16564
2015,8,22,19,21.51478709005175,16239
2015,8,22,20,19.731721138279088,16228
2015,8,22,21,18.36887788194759,15993
2015,8,22,22,17.378853661533856,15010
2015,8,22,23,16.546601132154827,13978
2015,8,23,0,15.17289893243318,13046
2015,8,23,1,14.789515975086852,12342
2015,8,23,2,14.417184200446874,11980
2015,8,23,3,13.98773933717614,11730
2015,8,23,4,13.43854049031405,11723
2015,8,23,5,13.252311423458021,11770
2015,8,23,6,13.371711349670422,11913
2015,8,23,7,15.61892372187109,12072
2015,8,23,8,18.27580723965369,12916
2015,8,23,9,20.247597208111433,13689
2015,8,23,10,21.17886327296371,14099
2015,8,23,11,22.49703103408165,14549
2015,8,23,12,23.691562051371044,15009
2015,8,23,13,23.88310977629955,15249
2015,8,23,14,24.210035661622772,15440
2015,8,23,15,24.034605051368942,15914
2015,8,23,16,24.00083153536698,16461
2015,8,23,17,23.612182263211448,17243
2015,8,23,18,22.930583023264983,17336
2015,8,23,19,21.3717169667138,17174
2015,8,23,20,20.260569517250634,17131
2015,8,23,21,19.593599637021264,16916
2015,8,23,22,18.830205440524296,16002
2015,8,23,23,18.487836150162785,14739
2015,8,24,0,18.527746610633447,13811
2015,8,24,1,18.552597004210476,13301
2015,8,24,2,18.22339043820437,12980
2015,8,24,3,18.088486913040175,12817
2015,8,24,4,17.897655665324663,12834
2015,8,24,5,17.242082415389493,13276
2015,8,24,6,16.590143616786037,14186
2015,8,24,7,17.194707086507115,15025
2015,8,24,8,18.66861874740702,16119
2015,8,24,9,19.770533651872814,16515
2015,8,24,10,20.461194626246225,17031
2015,8,24,11,21.67188757103924,17289
2015,8,24,12,20.928945022213565,17229
2015,8,24,13,21.30904140678759,17424
2015,8,24,14,22.24509261671017,17323
2015,8,24,15,21.8847634877078,17559
2015,8,24,16,21.75858625021581,17595
2015,8,24,17,22.066422318849664,17788
2015,8,24,18,20.906597641373057,17870
2015,8,24,19,19.445426897886808,17563
2015,8,24,20,18.523061604249378,17855
2015,8,24,21,17.764444333108102,17528
2015,8,24,22,17.227223939356932,16258
2015,8,24,23,16.206816493015744,14874
2015,8,25,0,15.397826064597345,13843
2015,8,25,1,15.416499181695134,13111
2015,8,25,2,15.065488502078882,12820
2015,8,25,3,14.523681458514998,12720
2015,8,25,4,14.383610634392499,12676
2015,8,25,5,13.91935538813689,13137
2015,8,25,6,14.1454869982318,14130
2015,8,25,7,14.536469693338905,14936
2015,8,25,8,15.425487447049854,15649
2015,8,25,9,16.955985897514456,16055
2015,8,25,10,17.52345098164035,16183
2015,8,25,11,18.12077622295103,16424
2015,8,25,12,17.51592501837743,16562
2015,8,25,13,17.699320775993876,16571
2015,8,25,14,18.58692467665339,16583
2015,8,25,15,18.735076699601006,16499
2015,8,25,16,18.41747741765946,16631
2015,8,25,17,17.852808779952177,16784
2015,8,25,18,17.373118048099563,16597
2015,8,25,19,16.803708977461955,16668
2015,8,25,20,16.237034642519983,17166
2015,8,25,21,15.681311353823965,16778
2015,8,25,22,15.281283427348214,15614
2015,8,25,23,14.347406495110457,14376
2015,8,26,0,14.181585389180322,13312
2015,8,26,1,14.409162099682865,12744
2015,8,26,2,14.309985659354405,12453
2015,8,26,3,14.002213953039073,12367
2015,8,26,4,13.96614062059701,12426
2015,8,26,5,13.765585192835552,12814
2015,8,26,6,13.906915071227589,14003
2015,8,26,7,14.60263995400635,14815
2015,8,26,8,15.743411204615331,15600
2015,8,26,9,16.833251365298445,15869
2015,8,26,10,17.55653775333548,16128
2015,8,26,11,18.245076167445816,16327
2015,8,26,12,18.462869526732938,16389
2015,8,26,13,18.30214866181849,16413
2015,8,26,14,18.482389490993917,16370
2015,8,26,15,18.386603495396116,16526
2015,8,26,16,17.945597165376462,16639
2015,8,26,17,17.322968722664513,16727
2015,8,26,18,16.918057065474702,16652
2015,8,26,19,16.14821410127387,16624
2015,8,26,20,16.069930037867525,17098
2015,8,26,21,15.723028525798997,16713
2015,8,26,22,15.188341468035363,15525
2015,8,26,23,15.04222266385454,14311
2015,8,27,0,14.868114385368207,13323
2015,8,27,1,14.81988762798667,12816
2015,8,27,2,14.292701384580484,12543
2015,8,27,3,14.16825501421158,12410
2015,8,27,4,13.83205901856192,12464
2015,8,27,5,13.789309181635323,12843
2015,8,27,6,13.701634740776706,13849
2015,8,27,7,13.866141449832366,14790
2015,8,27,8,15.09843314148104,15353
2015,8,27,9,16.308002698860808,15643
2015,8,27,10,16.89613021909297,15882
2015,8,27,11,17.57737940003964,16247
2015,8,27,12,18.154172760081465,16230
2015,8,27,13,18.595685516182126,16296
2015,8,27,14,18.515352905841432,16184
2015,8,27,15,19.04439746486077,16258
2015,8,27,16,19.50782900058534,16293
2015,8,27,17,19.265192405797194,16566
2015,8,27,18,18.71870970814632,16496
2015,8,27,19,17.54066230002984,16595
2015,8,27,20,16.275831646758412,17125
2015,8,27,21,14.859714905163239,16765
2015,8,27,22,13.820997273195852,15589
2015,8,27,23,13.441602714110342,14348
2015,8,28,0,13.634933915753033,13411
2015,8,28,1,13.234237017482059,12847
2015,8,28,2,12.057818580484188,12491
2015,8,28,3,11.209675888758325,12343
2015,8,28,4,11.153361865933672,12301
2015,8,28,5,10.4282637784214,12707
2015,8,28,6,10.103367009735612,13537
2015,8,28,7,12.35794762291952,14388
2015,8,28,8,14.624771873591719,15071
2015,8,28,9,17.162854355013014,15245
2015,8,28,10,18.6492824216478,15427
2015,8,28,11,19.726248682545673,15806
2015,8,28,12,20.49679699727888,15957
2015,8,28,13,21.445608528647153,16035
2015,8,28,14,21.963121711469736,16040
2015,8,28,15,22.295084507571605,16155
2015,8,28,16,22.105880648152787,16408
2015,8,28,17,21.907482468970002,16679
2015,8,28,18,20.99329983023134,16860
2015,8,28,19,19.416478864379926,16673
2015,8,28,20,17.868949564853644,17020
2015,8,28,21,16.838194339661214,16730
2015,8,28,22,16.33757575671175,15573
2015,8,28,23,15.837745822795886,14255
2015,8,29,0,15.390178219688105,13263
2015,8,29,1,15.226892690315847,12634
2015,8,29,2,14.588248346468806,12243
2015,8,29,3,14.329657331331271,12008
2015,8,29,4,14.575800119479846,11851
2015,8,29,5,14.770038970837934,11909
2015,8,29,6,14.542904405855129,12301
2015,8,29,7,15.948843784754168,12796
2015,8,29,8,17.245546645917692,13670
2015,8,29,9,19.508873918297112,14407
2015,8,29,10,20.50240592835058,14894
2015,8,29,11,21.595414378830284,15112
2015,8,29,12,22.022313592491606,15264
2015,8,29,13,22.942518235335395,15434
2015,8,29,14,23.074529757939516,15676
2015,8,29,15,22.77319264006994,15845
2015,8,29,16,21.99521243716745,16017
2015,8,29,17,21.610163863299068,16080
2015,8,29,18,21.0631763395454,15936
2015,8,29,19,20.19873458750343,15691
2015,8,29,20,19.657241819387686,16104
2015,8,29,21,19.319215435158224,15727
2015,8,29,22,18.866696067756475,14900
2015,8,29,23,18.529399902667617,13981
2015,8,30,0,18.22184266180313,13220
2015,8,30,1,17.768836375447876,12676
2015,8,30,2,17.427829759467407,12291
2015,8,30,3,17.356015099445845,12020
2015,8,30,4,17.14732078155645,11930
2015,8,30,5,16.996410784274506,11959
2015,8,30,6,17.249880984268376,12176
2015,8,30,7,17.91312462466501,12565
2015,8,30,8,18.843576150101374,13280
2015,8,30,9,19.93211906997943,14011
2015,8,30,10,21.634219789845588,14598
2015,8,30,11,23.04470228168982,15207
2015,8,30,12,23.96545291047696,15686
2015,8,30,13,24.94460938360479,15977
2015,8,30,14,24.799173299640724,16342
2015,8,30,15,25.157829133162824,16581
2015,8,30,16,25.387553311649015,17156
2015,8,30,17,24.787056962404957,17611
2015,8,30,18,23.99200942433223,17738
2015,8,30,19,22.649815442419797,17572
2015,8,30,20,21.338678567356887,18105
2015,8,30,21,20.671905768124695,17871
2015,8,30,22,20.13608165962244,16870
2015,8,30,23,19.885271261925173,15472
2015,8,31,0,19.613676639683366,14361
2015,8,31,1,19.25524585324782,13860
2015,8,31,2,19.24617964407052,13500
2015,8,31,3,18.850453479738228,13267
2015,8,31,4,18.34624509352114,13218
2015,8,31,5,17.674394005421416,13720
2015,8,31,6,18.01589495970444,14851
2015,8,31,7,18.851056213985164,15936
2015,8,31,8,20.336168149652142,16947
2015,8,31,9,22.20446712418521,17597
2015,8,31,10,23.644304408629562,18349
2015,8,31,11,24.68079702012944,18897
2015,8,31,12,25.925335877186647,19321
2015,8,31,13,26.477057214591373,19806
2015,8,31,14,26.96502545935996,20214
2015,8,31,15,27.273084126625534,20388
2015,8,31,16,27.29527216016224,20807
2015,8,31,17,26.455247728169052,21257
2015,8,31,18,24.933507179215773,21080
2015,8,31,19,23.134117124896605,20854
2015,8,31,20,21.521534308122686,21040
2015,8,31,21,20.376612867517988,20206
2015,8,31,22,20.180161924816485,18592
2015,8,31,23,19.193636232742847,17026
