census_tract,income,crime_rate_property,ownership_rate,non_english_french,move_rate,immigration_rate,unemployment_rate
535000100,54355,0.2850262697022767,0.29772329246935203,0.2714535901926445,0.2276707530647986,0.3064798598949212,0.05253940455341506
535000200,70254,0.03189792663476874,0.3588516746411483,0.04784688995215311,0.05582137161084529,0.27910685805422647,0.023923444976076555
535000400,27265,0.022372831948695524,0.037895350531992424,0.48753825972890247,0.22882961667395424,0.49118204343390176,0.050284215128989944
535000500,23244,0.041134473046374534,0.04617803104735704,0.44900766358813127,0.15621929652191,0.4725879347612498,0.049125564943996856
535000701,36981,0.024296911018810513,0.0636237897648686,0.4605809128630705,0.1590594744121715,0.4702627939142462,0.04426002766251729
535000702,29874,0.03436004031235828,0.02456538170823885,0.5291005291005291,0.22770219198790628,0.5517762660619804,0.05291005291005291
535000800,62374,0.0546541045100759,0.2708714996074326,0.27741428945302277,0.3127453546192096,0.3598534415074588,0.035331065166186865
535001001,76618,0.030346135609293504,0.44333807491702226,0.3259838786154576,0.26671408250355616,0.3413940256045519,0.032005689900426744
535001002,58189,0.05208972000812385,0.33261802575107297,0.3149908031882281,0.2176578786020846,0.3402820355610055,0.03448804414469651
535001100,65419,0.266372253339078,0.36837570012925464,0.23696682464454977,0.34791038345540715,0.2595863851788022,0.03769926755708746
535001200,66013,0.047746181547249474,0.32782813858189497,0.3408667577300385,0.40916428660126664,0.4023345337141438,0.047187383583757604
535001300,63090,0.0840723145949327,0.2723673792557403,0.3262074425969913,0.17735550277117973,0.4386381631037213,0.03800475059382423
535001400,90768,1.4285279805346716,0.42883211678832117,0.38321167883211676,0.3010948905109489,0.3102189781021898,0.06386861313868614
535001500,77194,0.1519572088501094,0.37199124726477023,0.24434719183078046,0.16593727206418674,0.3081692195477753,0.020058351568198397
535001600,61260,0.1090172465060214,0.4025423728813559,0.22301516503122212,0.2542372881355932,0.28991971454058874,0.025646743978590545
535001700,47155,0.05091721542803387,0.19677014738162432,0.30495453120100346,0.12151144559423016,0.3982439636249608,0.04233301975540922
535001800,45308,0.07763401109057301,0.27726432532347506,0.18176216882316698,0.16943930991990142,0.21565003080714726,0.0585335797905114
535001900,41595,0.03504364596010962,0.22533495736906212,0.3654080389768575,0.1278928136419001,0.3105968331303289,0.04415347137637028
535002000,129840,0.07495954692572815,0.3883495145631068,0.1553398058252427,0.13106796116504854,0.23300970873786409,0.009708737864077669
535002100,59083,0.027656477438070665,0.23620484319174276,0.1002381897578404,0.1687177451369591,0.1925367209210004,0.03374354902739182
535002200,89839,0.02038843483601371,0.29000790930661746,0.10282098602689164,0.17664118112312155,0.2016873187450567,0.029000790930661744
535002300,107554,0.03277545327743804,0.3009333762471838,0.07080785323463147,0.10782104924364339,0.1496620534277438,0.025748310267138717
535002400,65149,0.025371351407447805,0.27734496727952634,0.10828918666251168,0.12932377687753194,0.1916484886257401,0.02726706138984107
535002500,49410,0.03177284427284427,0.25096525096525096,0.1817889317889318,0.13513513513513514,0.24613899613899615,0.04504504504504504
535002600,46490,0.02800409941076095,0.24673328209069947,0.3704842428900845,0.14834742505764797,0.3620292083013067,0.06302843966179862
535002700,42136,0.028441163699522362,0.21602257924446375,0.499348675640469,0.14654798089448545,0.48957881024750327,0.04342162396873643
535002800,57921,0.05547669742139816,0.26969481902058196,0.3734918381831086,0.170333569907736,0.376153300212917,0.04435770049680625
535002900,47481,0.050025393600812595,0.22092432706957846,0.47316742847469107,0.15913323175893007,0.4460809209412561,0.051633654985610296
535003000,30451,0.032875457875384616,0.08351648351648351,0.43626373626373627,0.13626373626373625,0.4351648351648352,0.051648351648351645
535003100,20673,0.019744731882816516,0.0017132088401576153,0.6715778653417852,0.23128319342127807,0.609902347096111,0.06595854034606818
535003200,22406,0.07096056561217773,0.07222526970195649,0.275187420003657,0.16822088133113916,0.3391844944231121,0.05942585481806546
535003400,39030,0.11066949838191747,0.22026699029126215,0.345873786407767,0.2287621359223301,0.38349514563106796,0.060072815533980584
535003500,50354,0.36586201919614636,0.21541459190300932,0.4849534531283828,0.24572418272353322,0.46438623078588437,0.04979432777657502
535003600,39823,0.10475397706259712,0.16981132075471697,0.46059933407325193,0.20199778024417314,0.47835738068812433,0.042175360710321866
535003700,34377,0.12013179327698802,0.10550866281652599,0.5486450466459352,0.2576632607729898,0.4875610839626833,0.04109284762327854
535003800,33297,0.10233957219251337,0.17379679144385027,0.6483957219251337,0.20588235294117646,0.5735294117647058,0.0427807486631016
535003900,26420,0.08084577114420206,0.08725602755453502,0.6727898966704937,0.14351320321469574,0.5958668197474167,0.04477611940298507
535004000,51915,0.03319371727748691,0.21675392670157068,0.5895287958115183,0.15602094240837697,0.4952879581151832,0.040837696335078534
535004100,51947,0.04721567472009428,0.21803182086034179,0.5995875073659399,0.16941661756040072,0.5111962286387743,0.03830288744843842
535004200,52653,0.034729899034490384,0.2266195003316383,0.5007738226840592,0.1370771611762105,0.44550077382268405,0.033163829316825114
535004300,52276,0.03291155419222904,0.21600204498977504,0.5086912065439673,0.13675869120654396,0.43839468302658485,0.0434560327198364
535004400,45569,0.029772591262716936,0.20646319569120286,0.4967085577498504,0.14562138440055855,0.45182525433871934,0.03191701575902653
535004500,48160,0.02543741588156124,0.15208613728129206,0.5773889636608345,0.14670255720053835,0.5006729475100942,0.03633916554508748
535004600,45056,0.03394332939787485,0.2243211334120425,0.5430932703659976,0.1756198347107438,0.5342384887839433,0.05460448642266824
535004701,60385,0.03634538152620482,0.25903614457831325,0.30873493975903615,0.125,0.30271084337349397,0.04216867469879518
535004702,29285,0.027724741447971362,0.11336515513126491,0.4677804295942721,0.22911694510739858,0.5644391408114559,0.0477326968973747
535004800,54526,0.040438721983690994,0.20743919885550788,0.34048640915593703,0.17167381974248927,0.36194563662374823,0.05722460658082976
535004900,53985,0.029049379205857265,0.2032982655672448,0.22320159226613592,0.13079328973557008,0.23173158942280353,0.021324992891669035
535005001,74491,0.018253968253911564,0.4064625850340136,0.39625850340136054,0.0977891156462585,0.3707482993197279,0.023809523809523808
535005002,60014,0.03198172472872644,0.2560441652389111,0.3540833809251856,0.12183514182371978,0.34932419569769657,0.035217970683418996
535005100,60843,0.023872015997937757,0.20528683914510687,0.28308961379827524,0.15185601799775028,0.2802774653168354,0.03374578177727784
535005200,52500,0.06246575342465754,0.22876712328767124,0.363013698630137,0.1232876712328767,0.35342465753424657,0.03287671232876712
535005300,44398,0.031144930100867104,0.2238541850999823,0.5901610334454079,0.1539550522031499,0.4981419217837551,0.030083171120155724
535005400,40725,0.07644751082256494,0.11688311688311688,0.5040584415584416,0.22077922077922077,0.49594155844155846,0.04220779220779221
535005500,43356,0.023874529789952675,0.19839825263924282,0.4095376774663269,0.18565708045140153,0.3949763378230797,0.04550418638514744
535005600,56244,0.036545721476510064,0.2139261744966443,0.4897231543624161,0.1572986577181208,0.4173657718120805,0.04194630872483222
535005700,50161,0.050686191284804755,0.19524617996604415,0.30772495755517826,0.23556876061120544,0.32894736842105265,0.042444821731748725
535005800,51057,0.054232804232718895,0.20993343573988735,0.4147465437788018,0.20097286226318484,0.4134664618535586,0.03456221198156682
535005900,65517,0.05269284835714285,0.1963626779124934,0.316288877174486,0.18581971534001054,0.30969952556668423,0.023721665788086453
535006000,49891,0.07891414141429924,0.17992424242424243,0.3314393939393939,0.2604166666666667,0.3125,0.030776515151515152
535006201,42975,0.05147622031898893,0.08460413620221433,0.5065803217046166,0.26425736369333613,0.4324211405890955,0.05849174848548151
535006202,53187,0.06175138087264942,0.21132005213181904,0.3751629119344629,0.28579407931483897,0.4217091789238503,0.034444237572146714
535006301,40050,0.07705393432894916,0.10754897931223455,0.31990683655295243,0.30209617755856966,0.34319769831483765,0.050691875599397175
535006302,40272,0.04856783644916366,0.14020990488684815,0.27140045916694,0.2746802230239423,0.33125614955723187,0.045916693998032145
535006400,40340,0.06917211328962419,0.10212418300653595,0.2757352941176471,0.2369281045751634,0.3533496732026144,0.061274509803921566
535006500,27987,0.026796672576026182,0.0034092458748124915,0.6187781262784672,0.22228283103777444,0.6330969589526797,0.057275330696849855
535006600,40162,0.043094569288342696,0.21348314606741572,0.2556179775280899,0.1952247191011236,0.3476123595505618,0.04564606741573034
535006700,103784,0.06942765014087061,0.3688029020556227,0.13301088270858524,0.09975816203143893,0.250906892382104,0.036275695284159616
535006800,71529,0.06727763569181586,0.2728047740835465,0.17263427109974425,0.14066496163682865,0.24722932651321397,0.021312872975277068
535006900,70607,0.04550908467603702,0.22197463147068908,0.3153925265683922,0.10455947891669523,0.3171066163866987,0.024854302365443948
535007000,59524,0.05820343725029976,0.17386091127098321,0.16486810551558753,0.16636690647482014,0.22332134292565947,0.02697841726618705
535007100,78738,0.06929097605893186,0.2685696746470227,0.17341927562922038,0.13658686310620013,0.23173726212400245,0.021485573971761818
535007201,41111,0.04980822501598125,0.18538248455145961,0.420839548263371,0.14489665459194545,0.4027274664393778,0.03835499680375026
535007202,61648,0.056233723958333336,0.2815755208333333,0.3352864583333333,0.11393229166666667,0.3352864583333333,0.0341796875
535007300,50466,0.08729591228709331,0.23060421880586343,0.4844476224526278,0.10725777618877369,0.4522702895959957,0.03754022166607079
535007400,48189,0.02902063136962466,0.23241362167536664,0.405170270942083,0.16778523489932887,0.4064131245339299,0.05344270444941586
535007500,50736,0.026633947809432606,0.26813502513765863,0.3878381613598276,0.11252094804883887,0.4033995690687096,0.04668422312664592
535007600,57441,0.02648322591298959,0.2627664848785325,0.2714427367377293,0.1264253842340109,0.3296975706494794,0.0421417947446703
535007700,68360,0.0393035390199637,0.2779038112522686,0.19623411978221417,0.1236388384754991,0.27563520871143377,0.036297640653357534
535007800,57906,0.024309024309024308,0.2455877455877456,0.11738261738261738,0.16233766233766234,0.22227772227772227,0.046620046620046623
535007900,69136,0.04127034453598605,0.29882688649334177,0.14346861128725427,0.1466391883322765,0.20846544071020925,0.024571972098922003
535008001,53213,0.05792803479626335,0.2580071174377224,0.19869513641755635,0.13938315539739027,0.2846975088967972,0.045966785290628705
535008002,33660,0.04387755102040816,0.1054421768707483,0.4546485260770975,0.21882086167800455,0.4897959183673469,0.048752834467120185
535008100,63093,0.04757672710024885,0.2915037326697476,0.3945965161749022,0.12086740135087096,0.3590472804834696,0.046214006398862424
535008200,71349,0.04223614274867122,0.296127562642369,0.3663629460895976,0.12148823082763857,0.3340926347760061,0.04935459377372817
535008300,44878,0.048558973116977475,0.22402518769677887,0.4323080649067571,0.17195446839428433,0.3778154516832163,0.03996124969726326
535008400,76333,0.042853942652419354,0.25268817204301075,0.21908602150537634,0.11424731182795698,0.2513440860215054,0.038978494623655914
535008500,50155,0.032804099462449596,0.1701108870967742,0.2091733870967742,0.1978326612903226,0.27091733870967744,0.03528225806451613
535008600,177661,0.025252525252525252,0.2731013842124953,0.10475121586232697,0.102880658436214,0.203890759446315,0.03179947624392069
535008700,95460,0.051710342068413684,0.3510702140428086,0.14002800560112022,0.15003000600120023,0.2470494098819764,0.028005601120224044
535008800,63087,0.11000319081046586,0.27121888959795787,0.3414167198468411,0.14039566049776644,0.4291640076579451,0.04307594128908743
535008900,70219,0.13912744761250428,0.32291308828581244,0.3091721058055651,0.35383029886636896,0.36413603572655445,0.037787701820680177
535009000,70641,0.03423180592991914,0.29380053908355797,0.20485175202156333,0.16307277628032346,0.316711590296496,0.022911051212938006
535009101,45531,0.04617055947854427,0.14665942422596415,0.25891725511497377,0.22723157704146296,0.2770233568712656,0.058844830707948576
535009102,35059,0.048625687156521734,0.12743628185907047,0.2518740629685157,0.20389805097451275,0.2908545727136432,0.047976011994003
535009200,47811,0.033548339264531435,0.12677935943060498,0.2580071174377224,0.25504151838671413,0.2891459074733096,0.05634638196915777
535009300,62382,0.045255752044114854,0.23198326678075679,0.30899410534322114,0.17113519680547631,0.3118463586233124,0.04278379920136908
535009400,52942,0.03324225865202967,0.23224043715846995,0.5152224824355972,0.13173302107728338,0.4537470725995316,0.0351288056206089
535009500,50043,0.02602905569007264,0.2360774818401937,0.4978813559322034,0.15738498789346247,0.4827481840193705,0.02875302663438257
535009600,55122,0.029109698953783937,0.22722896206431736,0.5170421721548238,0.11457731561717698,0.4698632774889274,0.043327556325823226
535009701,42854,0.032170200235644875,0.16342756183745583,0.5996024734982333,0.1689487632508834,0.5973939929328622,0.058524734982332155
535009702,42172,0.04139414802065405,0.1523235800344234,0.6402753872633391,0.23407917383820998,0.5800344234079173,0.058519793459552494
535009800,39598,0.021827182718271828,0.20477047704770476,0.588058805880588,0.156015601560156,0.5423042304230423,0.041254125412541254
535009900,46099,0.025891548607718612,0.1693535254844488,0.4339684090539,0.211691906855561,0.4176844162188569,0.03663898387884709
535010000,44057,0.04389420371412493,0.18851997749015195,0.3235790658413056,0.17726505346088914,0.3404614518851998,0.03657850309510411
535010100,50115,0.034385629251594385,0.1913265306122449,0.33482142857142855,0.22321428571428573,0.3268494897959184,0.043048469387755105
535010201,75517,0.009094893710059173,0.24326101249178173,0.24326101249178173,0.1051939513477975,0.2794214332675871,0.013149243918474688
535010202,42487,0.024244526672756707,0.030064754856614247,0.5018501387604071,0.2913968547641073,0.5006938020351527,0.052035152636447736
535010203,46962,0.010413329061198334,0.03043896187119513,0.5751361743031079,0.28035885933995514,0.5142582505607177,0.06247997436719
535010300,72138,0.01757079495052883,0.2865916069600819,0.27379733879222107,0.12708973046741726,0.29767997270556124,0.02302968270214944
535010400,87096,0.028727858293140094,0.30917874396135264,0.2541062801932367,0.08502415458937199,0.25507246376811593,0.025120772946859903
535010500,57352,0.026082821188103598,0.23266022827041263,0.32045654082528535,0.15693590869183494,0.32484635645302895,0.046093064091308165
535010600,57806,0.08705055420383888,0.2460124357934577,0.5690727223573939,0.17166801838334686,0.5798864557988646,0.04595836712625034
535010700,62160,0.023766654663305724,0.26557436082102986,0.5923658624414836,0.09812747569319409,0.5347497299243789,0.03961109110550954
535010800,35971,0.027353300733496334,0.18184596577017115,0.6081907090464548,0.13523838630806845,0.5829767726161369,0.0511919315403423
535010900,50053,0.023630025940418287,0.21643968871595332,0.648103112840467,0.1519941634241245,0.5508268482490273,0.052285992217898834
535011000,45949,0.0336817653891718,0.2305012061109622,0.6526400428839453,0.12061109622085232,0.5856338783168051,0.049584561779683733
535011100,60393,0.02165062916358253,0.28312361213915616,0.5884529977794226,0.09067357512953368,0.5514433752775721,0.025906735751295335
535011200,51005,0.020972142902531885,0.2579478393299067,0.6615267466209784,0.13992004568817817,0.5863316200266514,0.033314296592423374
535011300,64922,0.03855584160831188,0.1930856932695844,0.45605001838911363,0.10849577050386171,0.3328429569694741,0.027583670467083488
535011400,38997,0.031037494541081793,0.21149167134568594,0.40052405015908665,0.14972861688190156,0.38367958075987274,0.04959760434212989
535011500,53749,0.014992503748125937,0.18633540372670807,0.4947526236881559,0.11351467123581066,0.44870421931891197,0.03962304562004712
535011600,53581,0.03180296508847441,0.18173122907699665,0.24748923959827834,0.10521281683405069,0.30248684839789575,0.03467240554758489
535011700,86528,0.035727860129418476,0.282212086659065,0.18529076396807298,0.14253135689851767,0.25085518814139113,0.03420752565564424
535011800,69962,0.04021870076925215,0.17097581317764804,0.22796775090353072,0.16402557686961355,0.24325827078120657,0.04309146510981374
535011900,67505,0.017286439665546594,0.17921146953405018,0.2206541218637993,0.16129032258064516,0.3057795698924731,0.043682795698924734
535012000,91944,0.03585131894460432,0.3345323741007194,0.10431654676258993,0.10431654676258993,0.20863309352517986,0.03597122302158273
535012100,87206,0.041950665368549175,0.36270691333982474,0.17039922103213243,0.15579357351509251,0.26777020447906524,0.024342745861733205
535012200,71192,0.013215201956864148,0.21299445140504744,0.18704134598174332,0.24163236083765885,0.2863790943261142,0.03221764811168785
535012300,46950,0.010662431941923775,0.029491833030852996,0.29945553539019965,0.31533575317604357,0.367513611615245,0.05671506352087114
535012400,61998,0.03649749373439849,0.18327067669172933,0.20958646616541354,0.17293233082706766,0.30545112781954886,0.02537593984962406
535012500,179935,0.014304872597228431,0.27380420205632544,0.08717031738936075,0.11175681716584712,0.17545820295037998,0.029056772463120252
535012600,89456,0.022843614026106986,0.3071410289224469,0.13949321730227796,0.07294599436908114,0.1983619145124136,0.0473509086255439
535012700,91045,0.019845971563981043,0.30312006319115326,0.17673775671406003,0.13033175355450238,0.23992890995260663,0.02962085308056872
535012802,56747,0.023794160348443297,0.18228746572027746,0.25810614615260524,0.2169704791095338,0.33957089853202127,0.027423778028714308
535012803,49560,0.03276277553327663,0.10525196682968319,0.41250265787795026,0.2891771209866043,0.4486497980012758,0.04571550074420583
535012804,56493,0.019287320532693306,0.21925272444213803,0.260768033212247,0.2309289050337312,0.35806953814218995,0.050596782563570315
535012900,83158,0.028400597907256422,0.2119853240929474,0.15491235222176927,0.17835303709743172,0.1895637994292703,0.03261312678353037
535013000,137150,0.023163082437365593,0.2567204301075269,0.1532258064516129,0.11693548387096774,0.20967741935483872,0.01881720430107527
535013100,83041,0.01386024126514157,0.25126570410650667,0.19782486405400337,0.14344646540408776,0.24939058691168198,0.030939433714607164
535013200,71103,0.013591433278418451,0.1812191103789127,0.3276587955335896,0.13271096467142596,0.34596375617792424,0.03752516932088596
535013300,48763,0.01430976430976431,0.11418533157663592,0.3681744986092812,0.19616454399063094,0.38866930171277997,0.03586590543112282
535013400,117073,0.022425249169435217,0.2731635289774825,0.15503875968992248,0.15134736064968624,0.19010705057216684,0.02768549280177187
535013500,57566,0.040466821677696295,0.19585047397603292,0.23072795564299767,0.1681273475228045,0.2682883205151136,0.03398318726524772
535013601,43356,0.017764986105597458,0.007939658594680429,0.3652242953552997,0.3056768558951965,0.42377927749106786,0.03374354902739182
535013602,41724,0.0436578546009151,0.0838840874428063,0.340620233858668,0.20081342145399084,0.42069140823589224,0.05338078291814947
535013700,63422,0.023414542928834752,0.2444301971469787,0.2147780092963616,0.1538708126302292,0.311748677672704,0.028850777368167976
535013800,126523,0.024054430515268403,0.274831243972999,0.13821922211507554,0.0707168113146898,0.1751848280295725,0.01767920282867245
535013900,100580,0.018298942613643364,0.2725592854943024,0.16168771173390822,0.18170619032953494,0.21789344009855252,0.028487834924545735
535014000,246341,0.01721050537206526,0.27457222443294865,0.08754476721050537,0.1293274970155193,0.13529645841623558,0.035813768404297654
535014101,99006,0.0257643922351912,0.31992001999500125,0.17120719820044988,0.11997000749812547,0.21619595101224695,0.02749312671832042
535014102,110818,0.023470948012155962,0.3038990825688073,0.11811926605504587,0.11697247706422019,0.15022935779816513,0.03096330275229358
535014200,93341,0.017879237812360803,0.2654046028210839,0.17724573125463994,0.14569413511507054,0.223645137342242,0.02505567928730512
535015000,94390,0.020864505403241897,0.29800498753117205,0.2730673316708229,0.09725685785536159,0.2518703241895262,0.03366583541147132
535015100,36225,0.011007957559681697,0.16710875331564987,0.4509283819628647,0.16047745358090185,0.4389920424403183,0.08090185676392574
535015200,73039,0.03617069831127339,0.32633500684618894,0.35714285714285715,0.10041077133728891,0.3400273847558193,0.02624372432679142
535015300,52110,0.03759880367442854,0.2616962187566759,0.4966887417218543,0.11535996581926938,0.5095065157017731,0.04699850459303568
535015400,51682,0.018538975753399047,0.3467029231815092,0.510707002039429,0.13341264445955134,0.4928619986403807,0.028891910265125765
535015500,38614,0.023555555555555555,0.18074074074074073,0.5555555555555556,0.06074074074074074,0.5777777777777777,0.0637037037037037
535015601,34145,0.018724935126150036,0.10615711252653928,0.5307855626326964,0.13800424628450106,0.6289808917197452,0.06457891012031139
535015602,51237,0.02484805148373257,0.21451555237754738,0.4755094744368967,0.10547014658562746,0.5076868072935288,0.025026814444047193
535015700,39791,0.021131758936507938,0.20131629887727448,0.5090979481223383,0.129694154084398,0.5671699574138599,0.07742934572202866
535015800,33083,0.04532647311025358,0.14700477765527378,0.5733186328555678,0.08452774715178243,0.5604557148107313,0.04593899301727306
535015901,46661,0.03445793972118758,0.28475033738191635,0.573549257759784,0.12550607287449392,0.5330634278002699,0.058029689608636977
535015902,52805,0.019424210891363165,0.2767950052029136,0.5962539021852237,0.09365244536940687,0.54630593132154,0.021852237252861603
535016000,56865,0.022338830584707647,0.25037481259370314,0.6341829085457271,0.049475262368815595,0.616191904047976,0.0239880059970015
535016100,49610,0.01642192148963432,0.2296285632018428,0.6226605240426144,0.13245033112582782,0.5931471350417507,0.030233227756982436
535016200,41820,0.01896355353075171,0.22304479878511768,0.5856112376613516,0.16135155656795747,0.566628701594533,0.032270311313591496
535016300,54474,0.014288980338363054,0.23319615912208505,0.48239597622313674,0.12002743484224966,0.4766803840877915,0.04000914494741655
535016400,50017,0.012867162368770764,0.23888625217528872,0.4295206454674893,0.09017560512577123,0.48805568739123556,0.030849549121974372
535016500,50286,0.016772226131832043,0.2076002814919071,0.28735632183908044,0.1477832512315271,0.3577292986159981,0.03635937133474079
535016600,76990,0.012503079576250308,0.22049765952204978,0.16876077851687607,0.15028332101502834,0.22912047302291205,0.04434589800443459
535016701,53151,0.014812744550027948,0.1732811626607043,0.22638345444382338,0.17607602012297374,0.22917831190609278,0.027948574622694244
535016702,40189,0.012582545065143672,0.10083883633767625,0.382830626450116,0.21238622166696414,0.43280385507763697,0.04372657504908085
535016800,35890,0.018229927007299272,0.18156934306569342,0.5045620437956204,0.1760948905109489,0.6140510948905109,0.040145985401459854
535016901,53572,0.016549592582186006,0.20792357403765102,0.5465018263557179,0.1489182354593987,0.6153413880303455,0.028097780275358246
535016902,43802,0.01423808862341992,0.16321711348798446,0.6223086539797194,0.19933324072787886,0.6438394221419642,0.04028337269065148
535017000,52360,0.056075581395348836,0.25726744186046513,0.5712209302325582,0.07122093023255814,0.5755813953488372,0.015988372093023256
535017100,38107,0.028864523631447793,0.1619735858460005,0.4909045601794169,0.10341390480936954,0.5345128332918017,0.0398704211313232
535017200,39321,0.03495158509072821,0.09351372861122165,0.3442101074413052,0.13728611221647433,0.46756864305610824,0.04178272980501393
535017300,37878,0.02114998566102667,0.18640665328362488,0.438772583882994,0.14338973329509608,0.5577860625179237,0.06595927731574419
535017400,43345,0.014153732446415374,0.17960088691796008,0.4745011086474501,0.1367331855136733,0.5728011825572801,0.04582409460458241
535017501,36507,0.03526529857644666,0.18025513033832502,0.4242928452579035,0.1719356627842485,0.5287483823257534,0.04714364947310039
535017502,30561,0.04262995140627301,0.07509939625975556,0.3872772787512885,0.22088057723457516,0.507289059048741,0.05080253276395229
535017600,60942,0.03977627065785781,0.27128157156220767,0.3461178671655753,0.0724976613657624,0.31805425631431244,0.0362488306828812
535018000,38196,0.06351006521122768,0.10844910688970796,0.4827048483130139,0.1552310745676212,0.494754749078537,0.052452509214629996
535018101,58338,0.027369373444921963,0.3358968559149514,0.30309884641483825,0.12440624293146348,0.3381587876046143,0.03392897534494458
535018102,47806,0.024242424242424242,0.25757575757575757,0.3333333333333333,0.12672176308539945,0.35399449035812675,0.027548209366391185
535018200,63276,0.023727185398655138,0.34197886647454373,0.3218059558117195,0.09125840537944284,0.32949087415946204,0.04418828049951969
535018300,64407,0.014913232104121476,0.32383018283235204,0.3873566780291292,0.11310814998450573,0.3788348311124884,0.03486210102262163
535018401,44321,0.02246436686634993,0.21586449080768436,0.4988638711010122,0.14459822350753976,0.48233835984300766,0.03511671142325966
535018402,48654,0.020102147721320063,0.21608171817705604,0.40859088528025145,0.15191199580932424,0.4177579884756417,0.03404924044002095
535018501,39664,0.022276516240298937,0.12216154067260707,0.5058924978442081,0.14946823799942513,0.496550732969244,0.04742742167289451
535018502,42562,0.016170763260025874,0.15739542906425183,0.44523501509271235,0.1347563605002156,0.44307891332470895,0.03988788270806382
535018600,84958,0.023200757575757576,0.28172348484848486,0.09943181818181818,0.08522727272727272,0.17992424242424243,0.03787878787878788
535018700,76066,0.027587814734224433,0.374572583152005,0.318619832141747,0.10258004351880634,0.28442648430214484,0.021759403170655892
535018800,70641,0.029737903225806453,0.3326612903225806,0.26713709677419356,0.10584677419354839,0.3024193548387097,0.025201612903225805
535018900,48172,0.013621029851632613,0.1842658010311247,0.40194767996944814,0.15753293870536567,0.43249952262745844,0.031506587741073136
535019001,40284,0.019492460463405664,0.17040578644109353,0.6687507662130685,0.24334927056515876,0.6981733480446243,0.04719872502145397
535019002,38750,0.01978980322003578,0.14423076923076922,0.3957960644007156,0.16659212880143112,0.46176207513416817,0.04807692307692308
535019100,62085,0.018327743172017248,0.3030666027791088,0.2599425011978917,0.0898418782942022,0.3318160038332535,0.033540967896502155
535019200,35902,0.05537749287713675,0.16025641025641027,0.36324786324786323,0.21901709401709402,0.5341880341880342,0.06944444444444445
535019300,61423,0.00713226064121876,0.22766175967134544,0.42280041081821296,0.08387538514207463,0.38343033207805544,0.04108182129407737
535019402,40057,0.012363636363636363,0.0018181818181818182,0.6436363636363637,0.19363636363636363,0.6036363636363636,0.03636363636363636
535019404,46528,0.03529056907299417,0.11562437160667605,0.6233661773577317,0.2181781620752061,0.6485019103157048,0.03820631409611904
535019500,88052,0.016473802635808422,0.3206364513018322,0.1647380263580842,0.12375441980070717,0.19607843137254902,0.022500803600128575
535019600,103178,0.021557355631042593,0.2828586360073164,0.11693232296838255,0.08296315651946695,0.1744186046511628,0.022210608831983277
535020000,42906,0.016274723563307895,0.17364896433577323,0.4641021647718424,0.19233764211182058,0.49914343560193114,0.05061516897679489
535020100,49509,0.02859439595774001,0.25953146531924665,0.3594395957740009,0.16995865870463941,0.37666513550757924,0.03330271015158475
535020200,71770,0.01942046855733662,0.29901356350184954,0.2928483353884094,0.11713933415536375,0.27435265104808876,0.04623921085080148
535020300,53958,0.02336300063572791,0.2590591226954863,0.36554354736172917,0.12396694214876033,0.3750794659885569,0.030197075651621105
535020400,51868,0.0278540379775795,0.2562342713337909,0.25051475634866166,0.17616106154198125,0.28368794326241137,0.028597574925646307
535020601,52182,0.032413434001562096,0.25644363447019003,0.3527727154386878,0.1288726894038011,0.3853163238739912,0.04295756313460036
535020602,51033,0.025328492392807746,0.20228215767634855,0.31466113416320884,0.15214384508990317,0.33195020746887965,0.039764868603042874
535020700,43787,0.034301075268817205,0.22795698924731184,0.3935483870967742,0.15483870967741936,0.4064516129032258,0.060215053763440864
535020800,32980,0.03238893322692205,0.1263633945198191,0.37376961957967547,0.15429635541367384,0.47752061718542166,0.04655493482309125
535020900,36316,0.0390625,0.20241477272727273,0.41015625,0.1473721590909091,0.3888494318181818,0.04616477272727273
535021000,77524,0.026887410543241612,0.4241003931055337,0.41578469912307225,0.19277290595706079,0.42258844874508616,0.031750831569398244
535021100,60045,0.0221672255042312,0.295385597956251,0.4382883602107616,0.1005907711959125,0.3967747086060993,0.035126935973175795
535021200,66085,0.02036590642184313,0.31429631003152236,0.33283886519562395,0.11403671425922492,0.33840163174485444,0.025959577229742258
535021300,66388,0.18973999856345616,0.3382891618185736,0.447101917690153,0.1702219349278173,0.43201896143072616,0.028011204481792718
535021400,72523,0.09241642480909383,0.34343760077394386,0.5465978716543051,0.15962592712028378,0.46114156723637534,0.025798129635601418
535021500,57874,0.03906879329788948,0.32866118898018365,0.4285484130820042,0.10713710327050105,0.3794103431609473,0.028193974544868695
535021600,92292,0.016026259895732767,0.3379030700907511,0.3263178219733539,0.1245414172620197,0.304112763081676,0.02606680826414366
535021700,42799,0.010095011876484561,0.05768578215134035,0.6269087207329488,0.19596199524940616,0.5641330166270784,0.058534102477095354
535021800,90370,0.02434383202086614,0.3779527559055118,0.25984251968503935,0.11023622047244094,0.24803149606299213,0.03937007874015748
535021900,68945,0.017986964151416394,0.3522186011531712,0.40737026823765354,0.08899473552268738,0.3296565555277012,0.028829280521433943
535022000,76810,0.016330390920554855,0.2509457755359395,0.3669609079445145,0.09709962168978563,0.3896595208070618,0.02648171500630517
535022101,75062,0.014103585657370517,0.3545816733067729,0.3466135458167331,0.10597609561752988,0.3561752988047809,0.023107569721115537
535022102,48016,0.02000786163514151,0.1179245283018868,0.47759433962264153,0.14386792452830188,0.49764150943396224,0.0294811320754717
535022201,75538,0.023331439035233947,0.3125591968175791,0.4612616025762455,0.10229210077666225,0.43758287554461073,0.03125591968175791
535022202,49093,0.018792328840675922,0.17602092134379402,0.47173606920136796,0.09656004828002414,0.4335143834238584,0.030175015087507542
535022300,90842,0.01400092721363004,0.32127955493741306,0.37830319888734354,0.08066759388038942,0.30598052851182195,0.025034770514603615
535022400,136517,0.015702643609421585,0.3220035778175313,0.33691115086463924,0.05068574836016696,0.295169946332737,0.02385211687537269
535022501,65016,0.02919495302756634,0.23349105122402797,0.45463896317630115,0.17280394980456695,0.45155317835836245,0.025714873482822465
535022502,36286,0.01188235294117647,0.06509803921568627,0.6062745098039216,0.2164705882352941,0.6549019607843137,0.05803921568627451
535022600,100441,0.022448216954836644,0.35714285714285715,0.24503523382447148,0.08808456117873158,0.26425368353619477,0.014413837283792441
535022700,131239,0.030492424242613638,0.3039772727272727,0.15056818181818182,0.036931818181818184,0.17045454545454544,0.019886363636363636
535022800,119580,0.01984723265702479,0.2930127723516153,0.20473328324567994,0.09579263711495116,0.20473328324567994,0.03193087903831705
535022900,180895,0.026766450916666667,0.2750809061488673,0.1982200647249191,0.07686084142394822,0.14967637540453074,0.012135922330097087
535023001,82524,0.034174159174325675,0.23976023976023977,0.36713286713286714,0.08491508491508491,0.34465534465534464,0.01998001998001998
535023002,55250,0.016146547782407407,0.1946159122085048,0.5838477366255144,0.1697530864197531,0.585562414266118,0.030006858710562415
535023100,85358,0.014516291484061037,0.23341894546003927,0.3059374527874301,0.12690738782293398,0.30518205166943646,0.030216044719746184
535023200,155370,0.019372539163860267,0.3078662980648404,0.24629303845187234,0.05906006534305102,0.2060819301331993,0.040211108318673035
535023300,88531,0.019919005462422302,0.27971369372763233,0.3993219061970239,0.10830664908645696,0.37106799773968735,0.03296289320022603
535023400,83583,0.010011376564277589,0.30602957906712175,0.41751990898748575,0.06825938566552901,0.38680318543799774,0.03185437997724687
535023501,75582,0.012795657231485071,0.34509499806126404,0.2753005040713455,0.08336564559906941,0.2791779759596743,0.023264831329972858
535023502,61943,0.012341130963345,0.308528274083625,0.5120648369865537,0.11420151040707313,0.5019340578375392,0.03131331736968134
535023601,55186,0.014775964775912975,0.2703962703962704,0.4483294483294483,0.10178710178710179,0.5019425019425019,0.02641802641802642
535023602,68300,0.026400217509461667,0.29200652528548127,0.4926590538336052,0.09135399673735727,0.48694942903752036,0.03099510603588907
535023701,46732,0.009560550150956054,0.15934250251593424,0.6029855753102985,0.14760147601476015,0.6717544448171754,0.05702784300570279
535023702,64611,0.01270069494356578,0.3145219266714594,0.46010064701653486,0.06470165348670022,0.47088425593098493,0.02875629043853343
535023703,46381,0.020840878908547626,0.10231800072437523,0.3947844983701557,0.16841724013038753,0.4128938790293372,0.041651575516117346
535023801,86686,0.016362252663622526,0.273972602739726,0.3165905631659056,0.0730593607305936,0.3135464231354642,0.0243531202435312
535023802,50834,0.025327114911193164,0.20112708900116597,0.5917217256121259,0.1700349786241741,0.567431014380101,0.04566653711620676
535023900,52123,0.024553218408983078,0.16368812272655386,0.4752490906215404,0.16131583109283568,0.45547999367388897,0.06167958247667247
535024001,78560,0.021503774334624554,0.35309892729439807,0.5184743742550656,0.0432061978545888,0.4007747318235995,0.010429082240762813
535024002,46318,0.012890558306300154,0.20402936656991633,0.549769506573331,0.1545159638039952,0.5207444084002049,0.02561038074099368
535024100,71024,0.013438162150217465,0.2860488457678153,0.4182000669120107,0.08196721311475409,0.3763800602208096,0.0351288056206089
535024200,32371,0.016122650840949555,0.1543026706231454,0.42729970326409494,0.12462908011869436,0.5074183976261127,0.06824925816023739
535024301,47447,0.013484599691446485,0.23809523809523808,0.670995670995671,0.21719659650694134,0.6635318704284221,0.04851470368711748
535024302,54981,0.022406146864789603,0.21503712871287128,0.5445544554455446,0.12221534653465346,0.5337252475247525,0.018564356435643563
535024401,61189,0.04112215909090909,0.26704545454545453,0.42613636363636365,0.09232954545454546,0.4616477272727273,0.026988636363636364
535024402,48918,0.015041406117965185,0.15294912962649992,0.5112388034476931,0.0971776237958425,0.5839107655906709,0.04478620922764915
535024500,49869,0.01626933747115249,0.17703484271406406,0.48102694315136124,0.14247425588940613,0.5127662575821695,0.03667654112004514
535024600,57688,0.011138613861386138,0.23927392739273928,0.32315731573157314,0.09763476347634764,0.35753575357535755,0.04262926292629263
535024701,64379,0.13932914332559093,0.16942205219292253,0.5499385161907364,0.09769094138543517,0.5547205902445689,0.03279136494056565
535024702,62204,0.029843687773745523,0.24790919952210275,0.46968339307048984,0.10678016726403823,0.498805256869773,0.034348864994026285
535024802,33301,0.019887834339948233,0.10440034512510785,0.457290767903365,0.09577221742881795,0.5979292493528904,0.05090595340811044
535024803,70799,0.06553942398477337,0.21423512747875353,0.4178470254957507,0.09915014164305949,0.6692634560906515,0.021246458923512748
535024804,62437,0.016882606988614057,0.18649391440910876,0.4436592069100903,0.13937966234786023,0.5977620730270907,0.04515115822536317
535024805,58480,0.01387391273086047,0.21565667457407806,0.5844295880957515,0.12076773776148372,0.6394220401121414,0.037739918050463665
535024901,68910,0.010713563776025874,0.23549626035981402,0.6155245603395998,0.08489993935718618,0.6428138265615525,0.038407115423488986
535024903,65560,0.02934706089405139,0.18479408658922913,0.5640619500175994,0.10735656458993312,0.6195001759943681,0.04047870468145019
535024904,56312,0.010692010692010692,0.1796851796851797,0.6831006831006831,0.1678051678051678,0.7276507276507277,0.03267003267003267
535024905,43467,0.06038712379590738,0.08257045413749775,0.7386465625560941,0.19655358104469575,0.7350565428109854,0.05295279124035182
535025001,53158,0.014022043957542555,0.18978673449422814,0.5899041283506163,0.1281549598904324,0.5742516141655254,0.03130502837018196
535025002,56662,0.0179572347934399,0.22731990865684035,0.5335270915507577,0.08096325513805273,0.5231471870458791,0.031139713514635667
535025004,47543,0.019337511190689348,0.1360787824529991,0.5577439570277529,0.17636526410026857,0.6436884512085944,0.05371530886302596
535025005,48073,0.018507723695715534,0.12314194112503643,0.6310113669484115,0.19527834450597492,0.6922180122413291,0.055377440979306324
535026001,47291,0.010265434814488928,0.2683677958644963,0.7215134183897932,0.13638363396392433,0.6980495673852471,0.05572664613579704
535026003,48522,0.00952242846099188,0.21824245939675174,0.6395011600928074,0.1863399071925754,0.6431264501160093,0.04712877030162413
535026004,32383,0.015190636027110767,0,0.8171959721146398,0.2723986573715466,0.7035889491350374,0.08262328943971081
535026005,24367,0.019554834639902676,0.0040551500405515,0.6339551230062179,0.20275750202757503,0.6542308732089754,0.06353068396864017
535026100,38381,0.027225084384437732,0.20518742227749157,0.5329543435779002,0.12257949902291704,0.6146740095931782,0.03464203233256351
535026201,40509,0.019231953683111605,0.17645971914264597,0.4379157427937916,0.1385809312638581,0.5044345898004434,0.04526977087952698
535026202,47860,0.024850149850149852,0.1665001665001665,0.521978021978022,0.1257076257076257,0.5044955044955045,0.04828504828504829
535026302,64857,0.035625664657922725,0.3172633817795108,0.37043601559730593,0.08862105636299185,0.46260191421481744,0.021269053527118043
535026303,54839,0.039732142857142855,0.15066964285714285,0.40625,0.19754464285714285,0.484375,0.03125
535026304,59663,0.01091830766231234,0.2349385845193995,0.4513550399688048,0.20276857087151492,0.5546890232014038,0.029245466952622343
535026400,225754,0.01461038961038961,0.2727272727272727,0.4772727272727273,0.05194805194805195,0.42207792207792205,0.02922077922077922
535026500,208041,0.02258610954263128,0.2738565782044043,0.09316770186335403,0.09034443817052512,0.14963297571993225,0.029644268774703556
535026600,200680,0.03346141530579571,0.2929875120076849,0.22414345180915787,0.07204610951008646,0.28338136407300674,0.022414345180915785
535026700,125227,0.013401596145158862,0.27857250414094265,0.42463484414997743,0.11368769763589821,0.4427044119861467,0.03237464237313658
535026800,66776,0.017849664991677137,0.3234924623115578,0.3596105527638191,0.1452575376884422,0.41692839195979897,0.031407035175879394
535026901,39834,0.0171121482110734,0.037123462028001694,0.659736953754773,0.23759015697921085,0.7265591854051761,0.0615188799321171
535026902,97005,0.020202020202020204,0.3418803418803419,0.4098679098679099,0.0912975912975913,0.4603729603729604,0.03108003108003108
535027001,56735,0.020815358067299394,0.11755823986194995,0.498274374460742,0.24698015530629852,0.5144521138912856,0.040983606557377046
535027002,61446,0.015374387102218898,0.10595861381201695,0.3714784343056594,0.18324607329842932,0.3989030167040638,0.049862877088007976
535027101,75501,0.03473066018631025,0.2936411502632645,0.372620494127177,0.08100445524503848,0.3685702713649251,0.03442689347914135
535027102,55935,0.01477110157360515,0.10085836909871244,0.398068669527897,0.13412017167381973,0.463519313304721,0.048283261802575105
535027201,42236,0.013762257010149664,0.05074832272492689,0.5264063306382246,0.26062274212970926,0.6193015654567349,0.04816789953552383
535027202,60590,0.007635517799352751,0.30542071197411,0.5238673139158576,0.0970873786407767,0.5885922330097088,0.04753236245954692
535027301,116257,0.03324064711830131,0.25783619817997977,0.3677957532861476,0.09732052578361981,0.3956016177957533,0.02654196157735086
535027302,91227,0.0106951871657754,0.2499418739827947,0.4417577307602883,0.12555219716345037,0.4847709834922111,0.039525691699604744
535027401,79449,0.01532994923857868,0.18375634517766498,0.3847715736040609,0.14822335025380712,0.45076142131979696,0.0416243654822335
535027402,89131,0.029723870378822456,0.28525787311729806,0.3776814240073026,0.1300775901414879,0.4187585577361935,0.03879507074395253
535027500,102245,0.025663154069767442,0.27252906976744184,0.19894622093023256,0.09447674418604651,0.23346656976744187,0.022710755813953487
535027601,60784,0.024783955649763573,0.26822109897277024,0.2616990053807272,0.14919289091798468,0.3081689222240339,0.020381542475134518
535027602,102583,0.023339221669022005,0.28264011562550184,0.23365986831540067,0.12204914083828489,0.27139874739039666,0.02007387184840212
535027700,109067,0.017573834513058335,0.22455455211130096,0.23675860385648034,0.09519160361239931,0.24774225042714182,0.025628508664876738
535027800,52770,0.010285132382892057,0.18058384249830278,0.36863543788187375,0.10047522063815342,0.4195519348268839,0.021045485403937542
535027901,58911,0.021143974578342703,0.24932779271571742,0.6013199706673185,0.13077487166951846,0.5499877780493767,0.0329992666829626
535027902,41193,0.020875179340028693,0.19010043041606886,0.5681492109038737,0.10832137733142037,0.5889526542324247,0.02295552367288379
535028000,39964,0.043893304101534664,0.1466155110989312,0.5700191833379008,0.14798574952041654,0.5570019183337901,0.03905179501233214
535028101,47425,0.017293540474243665,0.18315617334423548,0.5429272281275552,0.10139002452984465,0.5928045789043336,0.039247751430907606
535028102,44622,0.020571916346478872,0.12163892445582586,0.5441741357234315,0.16261203585147246,0.5979513444302177,0.03841229193341869
535028200,69651,0.05014766015447524,0.2930486142662426,0.558836892321672,0.12607905497501135,0.46569741026806,0.027260336210813266
535028301,39237,0.015133612070532631,0.10361752408652972,0.48445737138702055,0.1445191783312125,0.5526267951281585,0.042719505544446465
535028302,34417,0.009817954929090508,0.1893855978859282,0.5483373706232108,0.049548557586434706,0.5186082360713499,0.03193129266681348
535028400,48662,0.012752242152466368,0.16115470852017938,0.5948710762331838,0.1289237668161435,0.5500280269058296,0.031530269058295965
535028500,49510,0.013928761297288676,0.2551834130781499,0.580542264752791,0.09090909090909091,0.5247208931419458,0.03987240829346093
535028600,54107,0.25630140620854336,0.21623772884054127,0.5452374635181746,0.10480233483682674,0.5094189440169806,0.041124966834704166
535028701,39430,0.020756056234785,0.17790905344140678,0.42313504602280533,0.11746118972386317,0.48358290974034895,0.03297156202775106
535028702,43420,0.010405398444289908,0.12208314016380775,0.4929686292690465,0.13521866790295162,0.473651676711482,0.03245248029670839
535028800,50625,0.02280998180400312,0.18650896802703404,0.41720821419287757,0.1819599688068625,0.477644918118014,0.03574213672991942
535028900,45193,0.03218059558117195,0.23174831892411143,0.6207973102785783,0.13208453410182516,0.5739673390970221,0.04923150816522574
535029000,39809,0.029199697999320495,0.16081540203850508,0.5379388448471121,0.24009060022650056,0.5707814269535674,0.04869762174405436
535029101,48188,0.041123138125728556,0.16930335831251736,0.5301137940605052,0.13322231473771856,0.5384401887316126,0.020815986677768527
535029102,44574,0.02060244387617221,0.2099317988064791,0.5264279624893435,0.09057971014492754,0.5466751918158568,0.0479539641943734
535029200,39659,0.09396420411271897,0.1408987052551409,0.45792079207920794,0.13423457730388424,0.5464584920030464,0.053313023610053314
535029300,59500,0.02484400277328403,0.2634619828980818,0.49456898544025885,0.09013173099144904,0.4807025652877282,0.025421770279639475
535029401,50767,0.014685476410730805,0.14338575393154487,0.6070767807585569,0.14569842738205366,0.5966697502312673,0.024283071230342276
535029402,56559,0.011025418205518141,0.2530958070823376,0.6430588746469693,0.11840104279817511,0.6159026721703237,0.023897458179448185
535029500,51461,0.01884996191926885,0.17231530845392232,0.5654988575780655,0.1370906321401371,0.5493145468392994,0.053313023610053314
535029600,85291,0.5021645021655844,0.12987012987012986,0.21103896103896103,0.21103896103896103,0.21103896103896103,0.048701298701298704
535029701,46253,0.019505480234844944,0.18154901044101604,0.638148667601683,0.17453638772011842,0.6319152251831074,0.030388031790556335
535029702,53694,0.01772109970188804,0.23766147731036766,0.499337528983107,0.15816495528320637,0.48277575356078173,0.03146737330241802
535029800,68231,0.021099452554744526,0.19046532846715328,0.3045164233576642,0.15054744525547445,0.3284671532846715,0.030793795620437957
535029900,61655,0.02186132113012336,0.27059291683247116,0.43374452845204936,0.3059092717867091,0.4431953840031834,0.043772383605252686
535030000,59989,0.015440590111602872,0.3492822966507177,0.5311004784688995,0.29126794258373206,0.49282296650717705,0.029904306220095694
535030101,82233,0.014629629629749103,0.21863799283154123,0.4032258064516129,0.14336917562724014,0.4731182795698925,0.05555555555555555
535030103,44810,0.011572185970636216,0.0734094616639478,0.7524469820554649,0.28650081566068514,0.7871125611745514,0.061174551386623165
535030104,51325,0.028032832498608794,0.14746800222593212,0.6469115191986644,0.2434613244296049,0.7804674457429048,0.06121313299944352
535030201,65726,0.009115793822900526,0.3075612023551286,0.6220948249147815,0.12395413696932135,0.6236442516268981,0.04260923458320422
535030202,54925,0.01174575738529227,0.19484600879949718,0.6961030798240101,0.17049025769956003,0.6819610307982401,0.044783155248271526
535030203,64145,0.00717671846194364,0.23176191730313406,0.6979194100605741,0.16855412167500658,0.7268896497234659,0.05267316302343956
535030300,45301,0.07471832674092053,0.06832074793239842,0.7542250988852931,0.2022653721682848,0.7479323984178353,0.06921970514203524
535030401,41029,0.01761744966442953,0.03670302013422819,0.7665687919463087,0.2558724832214765,0.7781040268456376,0.049286912751677854
535030402,87061,0.0055882352941176465,0.3048128342245989,0.536096256684492,0.10695187165775401,0.5401069518716578,0.0213903743315508
535030403,73769,0.010626614987080103,0.24386304909560724,0.5103359173126615,0.08236434108527131,0.5910852713178295,0.03229974160206718
535030404,42907,0.016712898751733703,0.0638002773925104,0.7212205270457698,0.2510402219140083,0.7475728155339806,0.047156726768377254
535030405,73330,0.008100654946570147,0.3533264391589107,0.5808341951051361,0.10513615994484661,0.5997931747673216,0.027576697690451568
535030406,58212,0.00688035596572182,0.2826301911667765,0.6715557020435069,0.14502307185234015,0.7086354647330257,0.049439683586025046
535030501,110651,0.008835864063557483,0.32212581344902386,0.5520607375271149,0.08676789587852494,0.5401301518438177,0.03253796095444685
535030502,52221,0.03321164710990873,0.227509778357236,0.6082138200782269,0.2816166883963494,0.6205997392438071,0.037157757496740544
535030601,61320,0.013529325727731462,0.2479157525230364,0.5583589293549802,0.09982448442299253,0.5539710399297938,0.03400614304519526
535030602,88767,0.014377376425855513,0.28754752851711024,0.6582699619771863,0.10931558935361217,0.6321292775665399,0.03326996197718631
535030701,50669,0.01703909721559413,0.2694926632780282,0.7327131485566318,0.2800421981394457,0.690515009110962,0.04891147981202647
535030702,47874,0.00902402291185838,0.27220205910673284,0.71735427005407,0.23294570772535367,0.6684690022961262,0.04888526775794386
535030801,52436,0.01626065042601704,0.30601224048961956,0.5190207608304332,0.16500660026401057,0.5694227769110765,0.04260170406816273
535030802,70766,0.04887667304015297,0.29995219885277247,0.4349904397705545,0.1147227533460803,0.4063097514340344,0.02390057361376673
535030900,36568,0.021804114647441534,0.04483910673465799,0.694566555301565,0.1899068049938456,0.694566555301565,0.049235097590997014
535031001,72632,0.013595603124096037,0.2805901070292161,0.38328030083887765,0.11859994214636968,0.39340468614405555,0.027480474399768584
535031002,54307,0.020212975744429106,0.18142378229146125,0.5344113587063696,0.14099783080260303,0.5452573456911852,0.030565963320844016
535031102,45266,0.018999720592288348,0.17435037720033528,0.6144174350377201,0.12657166806370496,0.6119027661357921,0.04777870913663034
535031103,46960,0.014759224515196998,0.24577861163227016,0.5778611632270169,0.11444652908067542,0.5891181988742964,0.0375234521575985
535031104,52528,0.010825887580910508,0.17444334137001843,0.5467309601474968,0.11416820309176004,0.6275705573677492,0.0390015600624025
535031105,41089,0.024395946999220576,0.14575214341387374,0.6461418550272798,0.25175370226032734,0.6282151208106002,0.060795011691348405
535031106,28238,0.22815694032319483,0.08654797230464886,0.537833827893175,0.5106330365974283,0.5019782393669634,0.07418397626112759
535031202,48245,0.023514629330371566,0.16558966074313408,0.6165858912224017,0.15347334410339256,0.6677436725901993,0.04038772213247173
535031203,48288,0.02303270725388601,0.18620466321243523,0.5885686528497409,0.14572538860103626,0.6144753886010362,0.036431347150259065
535031204,37056,0.01700624383831745,0.10844561288202431,0.5816628327308577,0.12898455471574105,0.6564245810055865,0.05257969109431482
535031205,38126,0.04465817754890274,0.06908696830127337,0.48496342454619346,0.135464643727987,0.6177187753996207,0.050121918179355185
535031206,42755,0.014148148148148148,0.1748148148148148,0.6548148148148148,0.1111111111111111,0.6281481481481481,0.035555555555555556
535031207,37292,0.010490589324282628,0.23758099352051837,0.5831533477321814,0.11107682813946312,0.6278926257327985,0.030854674483184203
535031300,48779,0.02581693446470482,0.2130348438346272,0.5380032496840585,0.16699765300595776,0.5533489799602817,0.038815670698682074
535031401,41866,0.026975708767039877,0.0716951483009232,0.6865055981143194,0.22687094873305833,0.7307012374779022,0.04812414064034571
535031402,49088,0.009603021536403085,0.21697203471552556,0.6918997107039537,0.07352941176470588,0.6316297010607522,0.040983606557377046
535031501,70307,0.01373867290266004,0.2937737503653902,0.6197018415667933,0.08038585209003216,0.5685472084185911,0.021923414206372407
535031502,47580,0.02278209595282766,0.20235861699276333,0.6593406593406593,0.1487536853390512,0.6700616456714018,0.030822835700884482
535031503,56030,0.07522859517866048,0.19593872461702885,0.6323477021731386,0.12914143213395085,0.6278945493409334,0.04898468115425721
535031601,56962,0.0239682132786465,0.2627531402204563,0.5537041784157908,0.07946680338374776,0.5908741348372212,0.03076134324532171
535031603,40014,0.06968888888888888,0.029333333333333333,0.5493333333333333,0.1831111111111111,0.6471111111111111,0.048
535031604,31276,0.021848924022837068,0.09881422924901186,0.44356609574000877,0.12626262626262627,0.60935441370223975,0.04281949934123847
535031605,39023,0.020782594576960547,0.09376522162688748,0.46639064783244033,0.17048222113979541,0.5954700438382854,0.05723331709693132
535031606,34121,0.013299377475947935,0.10469722693831353,0.5645161290322581,0.13299377475947935,0.6126202603282399,0.060837577815506506
535031702,30956,0.023234775984430793,0.13426653335237823,0.7234680759891444,0.1699757177546065,0.7427510355663477,0.0471361234109413
535031703,67902,0.015172040097534544,0.24519100514765646,0.613654836087781,0.11379030073150907,0.6461663505824979,0.050121918179355185
535031704,40498,0.012264371853354408,0.182648401826484,0.7200561995082543,0.19845451352300666,0.7543027748507201,0.04741833508956796
535031705,72196,0.019742489270386267,0.2532188841201717,0.6630901287553648,0.13733905579399142,0.6738197424892703,0.04721030042918455
535031800,55722,0.04213063202397155,0.21033096195484072,0.6155273739560779,0.16084132384781935,0.6201670275286112,0.03557067738942159
535031900,58096,0.021143650593284526,0.25498611461752085,0.6071699065892452,0.12118151981822772,0.5592022216611967,0.047967684928048475
535032001,42214,0.022369661373286925,0.11311725038068306,0.6656515118555579,0.15009788992821405,0.6504241896889276,0.0554709593212965
535032002,49983,0.04281793229643184,0.23879231473010065,0.67612076852699,0.19945105215004574,0.6925892040256175,0.04025617566331199
535032101,86585,0.01528893495724281,0.29411764705882354,0.6245141228297486,0.07774034724021767,0.5947136563876652,0.04275719098211972
535032102,62086,0.019816695566014366,0.2378003467921724,0.60688630170919,0.19321278176864007,0.6106019321278177,0.05449591280653951
535032200,48516,0.01420615237344994,0.24278814776138885,0.6670147500326328,0.20036548753426445,0.6245920898055084,0.029369534003393812
535032301,58742,0.013382467028704423,0.17584690974915956,0.56503749676752,0.18877682958365657,0.5792604085854668,0.04008275148694078
535032302,74300,0.012381548364026461,0.2127659574468085,0.5515823350616843,0.06436617200071518,0.5372787412837475,0.029501162166994457
535032401,58130,0.009770713913496612,0.23319437206878582,0.6409588327253778,0.08858780614903596,0.6644085461177697,0.05992704533611256
535032402,63373,0.01661998820754717,0.24764150943396226,0.6559551886792453,0.07001768867924528,0.6684846698113207,0.0486438679245283
535032403,62489,0.020437605193556144,0.31377735032459725,0.578264005770618,0.12142341909112768,0.6275547006491945,0.04087521038711229
535032405,44930,0.01116253743533896,0.24639259460931118,0.7228423631908522,0.11843179961884019,0.7650421998366458,0.027225701061802342
535032406,65666,0.006197790353004581,0.28967933171651844,0.6898410132039882,0.1441659929938022,0.7396928051738076,0.0444624090541633
535033000,78095,0.017095965352176886,0.29063141098700707,0.16754046045133347,0.06838386140870754,0.26669705949395944,0.02393435149304764
535033101,72607,0.0125317727730094,0.3165454867884377,0.21457705266891292,0.11792871076431992,0.3147721227167938,0.02748714311048058
535033103,35995,0.018131763812416934,0.07119802544142775,0.601860641731536,0.20694892728308334,0.6521739130434783,0.0550598063413708
535033104,60969,0.032390837508947744,0.3346456692913386,0.366857551896922,0.0733715103793844,0.42770221904080175,0.05905511811023622
535033200,38363,0.021760304599946875,0.1454376411209988,0.40775667419311995,0.14809403639261523,0.5160047815114889,0.05844069597556116
535033300,71865,0.022774979009235936,0.28022670025188917,0.2739294710327456,0.09445843828715365,0.3348026868178002,0.04932829554995802
535033400,81442,0.02302415186552016,0.31998872286439245,0.1522413307020017,0.03946997462644488,0.19594023118127996,0.023963913166055822
535033500,47644,0.02205251875675241,0.1977491961414791,0.3520900321543408,0.10209003215434084,0.4115755627009646,0.04742765273311897
535033600,63607,0.015174857494993067,0.30426744723463256,0.3489446926513634,0.09166538283777538,0.3628100446772454,0.023879217377907873
535033700,44132,0.0378814047208981,0.15544041450777202,0.17962003454231434,0.11226252158894647,0.24352331606217617,0.04317789291882556
535033800,54079,0.025599034649198413,0.29477676262713326,0.15859334597483193,0.14394069987933114,0.2516807446991898,0.04568177900362007
535033900,64449,0.015210105697293117,0.3062645011600928,0.12761020881670534,0.11523588553750967,0.2111368909512761,0.037122969837587005
535034000,46649,0.012385818238117356,0.19972131908964236,0.5186561387211642,0.16798265985446664,0.5387830933581049,0.03328688651494039
535034102,37342,0.03999488883209813,0.22361359570661896,0.4612829031433683,0.18144646051622795,0.5353948377204191,0.051111679018655765
535034103,22336,0.019897557131599686,0.00591016548463357,0.6678486997635934,0.21178092986603625,0.6658786446020488,0.08077226162332546
535034104,36754,0.021351906828042933,0.14386846311943366,0.49783055492121486,0.10276318794245261,0.533226764101393,0.05823247316738982
535034200,44413,0.03897626931567329,0.16694260485651213,0.4470198675496689,0.11175496688741722,0.5173841059602649,0.04415011037527594
535034300,44804,0.023495482413601162,0.2456437560503388,0.5457405614714425,0.11495643756050339,0.521539206195547,0.0350919651500484
535034401,47408,0.026398659966432165,0.2,0.37889447236180906,0.10753768844221105,0.5206030150753769,0.05628140703517588
535034402,24962,0.018100807574491784,0.23391812865497075,0.5221386800334169,0.1267056530214425,0.6377053745474798,0.06683375104427736
535034500,52761,0.019330126491982895,0.26590058792089794,0.4743452699091395,0.09887760555852486,0.5064136825227151,0.04409406734366649
535034601,43678,0.024562702778882776,0.1523487092678798,0.5321625052898857,0.15763859500634786,0.5639018197206941,0.039145154464663566
535034602,43244,0.010809202697342325,0.11503371677905593,0.4512098373661246,0.19833399444664815,0.6366521221737406,0.04264180880602935
535034700,74328,0.12213804713838385,0.30303030303030304,0.35353535353535354,0.0707070707070707,0.46464646464646464,0
535034800,68640,0.08742375313950485,0.2831001076426265,0.317545748116254,0.12809472551130247,0.3713670613562971,0.0193756727664155
535034900,46189,0.030857520581755903,0.1442221020371372,0.39300522805119886,0.1667568054804399,0.4750315485848206,0.05228051198846223
535035000,45596,0.05223531612420501,0.2609427609427609,0.4218106995884774,0.09820426487093153,0.4788627010849233,0.04208754208754209
535035101,44952,0.01454267125908917,0.19039418293149638,0.4774205893608879,0.1511672407194795,0.5348258706467661,0.0641025641025641
535035102,43964,0.021581429089590133,0.15959376133478417,0.4588320638375045,0.16503445774392456,0.5386289445048966,0.04352557127312296
535035200,44846,0.014722776467803374,0.22129512062397969,0.5287502267368039,0.11518229639035008,0.6112824233629602,0.04262651913658625
535035302,53644,0.014333809426647623,0.23158539073658438,0.38155478473780863,0.1336461946541522,0.4886757804529688,0.04386859824525607
535035303,58384,0.01197348727806286,0.26298909557408595,0.5259781911481719,0.13309813983322644,0.6478511866581141,0.04810776138550353
535035304,37968,0.02592592592585034,0.1689342403628118,0.4886621315192744,0.1655328798185941,0.5419501133786848,0.04195011337868481
535035400,58449,0.014641148325358852,0.2545454545454545,0.4143540669856459,0.1291866028708134,0.5157894736842106,0.050717703349282293
535035502,49073,0.01833180568285976,0.22456461961503207,0.45646196150320806,0.12465627864344637,0.5710357470210816,0.044912923923006415
535035503,31574,0.026914660831509847,0.07221006564551423,0.31291028446389496,0.20678336980306344,0.5010940919037199,0.06455142231947483
535035504,46861,0.019342159702110055,0.09722796855606124,0.46028134050475794,0.17066611501861811,0.5285477865122052,0.054820024824162185
535035600,58554,0.06649709302325581,0.2616279069767442,0.36648671096345514,0.13496677740863788,0.4692691029900332,0.03426079734219269
535035701,34181,0.012528074115665356,0.06807973048848961,0.6239472206625492,0.16423357664233576,0.6351768669286918,0.04983155530600786
535035702,32237,0.015605243894390098,0.10580954282291874,0.4362148133359952,0.14873228189259333,0.5480135755639848,0.05689758434817329
535035801,68733,0.023319027181688125,0.2718168812589413,0.3133047210300429,0.05722460658082976,0.42203147353361947,0.044349070100143065
535035802,35479,0.018929006703153565,0.20338208409506398,0.3119287020109689,0.13139853747714808,0.48217550274223037,0.050274223034734916
535035803,33349,0.028589165523034702,0.16859439325622427,0.33326798666928054,0.09900019603999216,0.5165653793373848,0.03626739854930406
535035900,38430,0.02879370048854419,0.192116123523552,0.37925145865945636,0.12309662729472036,0.5208481571082966,0.044115554290593426
535036000,70714,0.021569323628617076,0.27250133143973015,0.2689508254926327,0.08077401029646725,0.42073495473104916,0.029291674063554058
535036101,106472,0.019407381736267545,0.2885115231329059,0.23219546005891525,0.04158724657771617,0.30064113671807313,0.045052850459192516
535036102,93471,0.010979687577930828,0.3016918700404252,0.25902081149872735,0.057643359784398863,0.3922742925587663,0.03668213804461746
535036201,67327,0.014649066323245332,0.2189311010946555,0.2889568576947843,0.1650032195750161,0.5223760463618803,0.044269156471345786
535036202,83307,0.013542992183239412,0.26267951281585167,0.43628431194328304,0.10270859843664788,0.5117251408834758,0.041810579894564624
535036203,89526,0.02263556401890642,0.2570729053318825,0.4094124047878128,0.05032644178454842,0.551550598476605,0.040805223068552776
535036204,63307,0.010460813992532795,0.2674066599394551,0.2260343087790111,0.14530776992936428,0.5186680121089808,0.03733602421796166
535036302,62526,0.008831085420680796,0.25208734746307,0.3789338471419396,0.14932562620423892,0.5362877328195247,0.0224791265253693
535036304,65854,0.01630286493860846,0.23192360163710776,0.40654843110504774,0.24283765347885403,0.5961800818553888,0.04638472032742155
535036305,33760,0.021485900987215,0.12039207330066055,0.552951203920733,0.21308331557639038,0.6328574472618794,0.07138291071809078
535036306,48472,0.014996783531682214,0.3184303634609199,0.6963653908009007,0.18494692827275652,0.6834995175297524,0.03779350273399807
535036307,29573,0.04317324927368812,0.06768032634897089,0.6202484702391989,0.21416651214537363,0.6860745410717597,0.060263304283330245
535036401,61617,0.014310645724258289,0.24345549738219896,0.39092495636998253,0.1012216404886562,0.493891797556719,0.03926701570680628
535036402,73295,0.013293118856233244,0.27982573726541554,0.3351206434316354,0.13237265415549598,0.41722520107238603,0.020107238605898123
535036500,62010,0.0197265625,0.23828125,0.46875,0.0828125,0.56484375,0.05234375
535036600,56176,0.014613018134715026,0.21534974093264247,0.41369818652849744,0.14491580310880828,0.5286593264248705,0.03157383419689119
535036701,50101,0.010871794871794871,0.10153846153846154,0.7015384615384616,0.14871794871794872,0.6933333333333334,0.06461538461538462
535036702,70787,0.011829197922677438,0.3058280438545874,0.3909405654933641,0.08799769186381996,0.4659549913444893,0.03462204270051933
535036800,49073,0.13251246882793016,0.2961346633416459,0.49625935162094764,0.24812967581047382,0.5536159600997507,0.046134663341645885
535036900,50290,0.01762580117278058,0.18205372971498704,0.4793399699986363,0.12477839901813718,0.5086594845220237,0.033410609573162414
535037001,43282,0.026313205694648994,0.18114874815905743,0.6460481099656358,0.20422189494354442,0.6627393225331369,0.059891998036327936
535037002,51263,0.047934949157333887,0.2528207271207689,0.473255328040117,0.12014208106978688,0.5307145842039281,0.01984956122022566
535037003,51747,0.027227934875835476,0.2352185089974293,0.4601542416452442,0.09125964010282776,0.4948586118251928,0.05398457583547558
535037100,52154,0.035378602599194356,0.2596748669256222,0.45317220543806647,0.1093367860739462,0.4567688102431305,0.024456912674435335
535037200,66843,0.011571898496240601,0.29605263157894735,0.38533834586466165,0.09985902255639098,0.4405545112781955,0.025845864661654134
535037300,49227,0.0258766138496919,0.2013644366197183,0.45994718309859156,0.08912852112676056,0.5160651408450704,0.03961267605633803
535037401,62269,0.022462732285072493,0.2450479885644272,0.5513579742699612,0.153154992852767,0.6085358382683276,0.03982029814171942
535037402,66169,0.014355528405620037,0.2840562003665241,0.6154551007941356,0.07330482590103848,0.6001832620647526,0.04123396456933415
535037403,37591,0.0221970058927377,0.15527950310559005,0.6366459627329193,0.17439082656473961,0.6832298136645962,0.047778308647873864
535037501,37172,0.012574525745203251,0.17560975609756097,0.6552845528455284,0.12357723577235773,0.6577235772357723,0.04715447154471545
535037502,74658,0.012536121026517083,0.24987251402345742,0.3059663437021928,0.0382457929627741,0.3544110147883733,0.017848036715961243
535037503,43954,0.018251591164357917,0.1394608760763759,0.5887308124298015,0.19655559715462373,0.6870086110071134,0.058030700112317486
535037504,58803,0.011968560200071454,0.2465166130760986,0.6430868167202572,0.16523758485173276,0.6806002143622722,0.04108610217934977
535037505,47678,0.010683471111668248,0.17685323214527715,0.5786691963680716,0.17685323214527715,0.6111939287166283,0.04810949993224014
535037601,49414,0.014091532609988777,0.20014964459408904,0.6546950991395436,0.1337448559670782,0.6331836887392442,0.06359895248784138
535037602,50842,0.01801717114739613,0.1748448956570784,0.7332205301748449,0.1645046061289716,0.6993795826283136,0.05734160556495582
535037604,60998,0.012726244343891403,0.2055052790346908,0.7004147812971342,0.13386123680241327,0.683446455505279,0.049962292609351436
535037605,53237,0.012926499323613408,0.2555238238388697,0.813918532992635,0.12024650533593867,0.7688260934916579,0.035322410942431985
535037607,38909,0.043883388338877886,0.1702970297029703,0.6396039603960396,0.21254125412541255,0.6897689768976898,0.04554455445544554
535037608,59772,0.014928110328638498,0.27875586854460094,0.7196302816901409,0.11737089201877934,0.7108274647887324,0.03667840375586855
535037609,58132,0.005905110975361434,0.2728568519649766,0.8175524333129709,0.1394827937283649,0.7656281816330687,0.03665241295051924
535037611,49688,0.007072324526287697,0.13610888710968774,0.5911395783293302,0.14144649052575395,0.6418468107819589,0.0573792367227115
535037612,60072,0.02465044488832395,0.3077900853459234,0.6119484292718358,0.12347920828037044,0.6600690030869802,0.04085709097512257
535037613,51698,0.007075471698113208,0.29046673286991065,0.7696127110228401,0.0968222442899702,0.7621648460774578,0.04716981132075472
535037614,65134,0.01,0.2618421052631579,0.7118421052631579,0.11447368421052631,0.743421052631579,0.056578947368421055
535037701,53422,0.021440691038099646,0.2560542958506864,0.7427117075428042,0.10720345519049823,0.7010643220731143,0.04010488971155329
535037702,64087,0.01676358676136119,0.2584535860435064,0.6105965970277838,0.094766314882619,0.5739823390049537,0.04846004738315744
535037703,63368,0.009505919854166666,0.2578551912568306,0.6830601092896175,0.14344262295081966,0.6762295081967213,0.04439890710382514
535037704,66046,0.013401253918495297,0.23746081504702193,0.7155172413793104,0.10031347962382445,0.7202194357366771,0.0493730407523511
535037706,58665,0.006301369863013699,0.23835616438356164,0.810958904109589,0.12465753424657534,0.8041095890410959,0.043835616438356165
535037707,60164,0.005597394667209444,0.22287807856706696,0.726643598615917,0.08243435782617545,0.6940769387339711,0.03867290860981071
535037802,54652,0.02723823975720789,0.17147192716236723,0.6949924127465857,0.09256449165402124,0.6919575113808801,0.051593323216995446
535037803,61784,0.02703580710366734,0.2281259023967658,0.48512850129945134,0.09168351140629512,0.6157955529887381,0.04692463182211955
535037804,62877,0.013192612137203167,0.1970646437994723,0.5029683377308707,0.13027704485488126,0.6480870712401056,0.04287598944591029
535037805,56307,0.01383391060539337,0.1744186046511628,0.3772884710539337,0.14473033151905,0.6110836219693221,0.030925284512617515
535037806,61893,0.019341202743659275,0.19062051363853885,0.46977189344393044,0.11883873026000957,0.6428457489232733,0.04944967299409794
535037807,51082,0.02801895159403445,0.21355552443635345,0.6175605657470943,0.1442375017504551,0.6770760397703403,0.03921019465060916
535037808,59790,0.009383242036975046,0.22595861229458308,0.6649421789409616,0.13009738283627512,0.6991783323189288,0.04488740109555691
535037810,74567,0.01492548260284281,0.22443231825382856,0.5412779440239395,0.14786129202605175,0.64293258229185,0.047306812180954054
535037811,56735,0.04825753457745968,0.2156187715165791,0.4910309838738902,0.18934589599565138,0.6387026635260011,0.03714441021924262
535037812,38830,0.017995776659772686,0.19098192658841065,0.4015278554127073,0.15371716042481834,0.58226197130613,0.05030743432084964
535037814,55634,0.044572691552062865,0.16085461689587427,0.6913064833005894,0.13138506876227898,0.7281434184675835,0.042976424361493126
535037816,55619,0.0076297443841982955,0.2370255615801704,0.557707203718048,0.13245546088303642,0.6831913245546088,0.044151820294345466
535037817,61111,0.018173999637968497,0.16974470396523628,0.4073872895165671,0.10999456816947312,0.5621944595328626,0.0706137968495383
535037818,40593,0.007409257409257409,0.2713952713952714,0.7375957375957376,0.17649017649017648,0.7525807525807526,0.05328005328005328
535037819,69802,0.036449689593767286,0.22865572561312927,0.6785911856905772,0.11893785727457128,0.6795131845841785,0.053475935828877004
535037820,37921,0.007063455303381195,0.2894858730893932,0.8105604446503011,0.1459008800370542,0.7897174617878647,0.05094951366373321
535037821,74321,0.007393209200438116,0.2395947426067908,0.7228915662650602,0.08625410733844469,0.7187842278203724,0.05750273822562979
535037822,76538,0.008424539170506912,0.23761520737327188,0.7805299539170507,0.11088709677419355,0.7128456221198156,0.03744239631336405
535037823,64858,0.011463640574339972,0.25822139879573874,0.723714682723483,0.13432144511347846,0.7642427049559981,0.06021306160259379
535037824,43621,0.011793521350152906,0.26843357118586475,0.7398912674142032,0.11213047910295616,0.7356439007815154,0.03397893306150187
535080201,86008,0.018245182451906518,0.2988929889298893,0.27552275522755226,0.0996309963099631,0.44157441574415746,0.06027060270602706
535080202,103208,0.0110792741165234,0.3123209169054441,0.22158548233046801,0.04775549188156638,0.3113658070678128,0.02865329512893983
