state,year,spircons,unrate,perinc,emppop,beertax,sobapt,mormon,mlda,dry,yngdrv,vmiles,breath,jaild,comserd,allmort,mrall,allnite,mralln,allsvn,a1517,mra1517,a1517n,mra1517n,a1820,a1820n,mra1820,mra1820n,a2124,mra2124,a2124n,mra2124n,aidall,mraidall,pop,pop1517,pop1820,pop2124,miles,unus,epopus,gspch
"AL",1982,1.37,14.4,10544.15,50.69204,1.539379,30.3557,.32829,19,25.0063,.211572,7233.887,0,0,0,839,.0002128,146,.000037,99,53,.0002536,9,.0000431,99,34,.0004468,.0001535,120,.0004138,32,.0001103,309.438,.0000785,3942002,208999.6,221553.4,290000.1,28516,9.7,57.8,-.0221248
"AL",1983,1.36,13.7,10732.8,52.14703,1.788991,30.3336,.34341,19,22.9942,.210768,7836.348,0,0,0,930,.0002348,154,.0000389,98,71,.0003515,8,.0000396,108,26,.0004929,.0001187,124,.0004276,35,.0001207,341.834,.0000863,3960008,202000.1,219125.5,290000.2,31032,9.6,57.9,.0465583
"AL",1984,1.32,11.1,11108.79,54.16809,1.714286,30.3115,.35924,19,24.0426,.211484,8262.99,0,0,0,932,.0002336,165,.0000414,94,49,.0002487,7,.0000355,103,25,.0004753,.0001154,118,.0004097,34,.0001181,304.872,.0000764,3988992,197000,216724.1,288000.2,32961,7.5,59.5,.0627978
"AL",1985,1.28,8.9,11332.63,55.27114,1.652542,30.2895,.37579,19.67,23.6339,.21114,8726.917,0,0,0,882,.0002193,146,.0000363,98,66,.0003385,9,.0000462,100,23,.0004665,.0001073,114,.0004014,45,.0001585,276.742,.0000688,4021008,194999.7,214349,284000.3,35091,7.2,60.1,.02749
"AL",1986,1.23,9.8,11661.51,56.5145,1.609907,30.2674,.39311,21,23.4647,.2134,8952.854,0,0,0,1081,.0002669,172,.0000425,119,82,.000402,10,.000049,120,23,.000566,.0001085,119,.0004525,29,.0001103,360.716,.0000891,4049994,203999.9,212000,263000.3,36259,7,60.7,.0321429
"AL",1987,1.18,7.8,11944,57.50988,1.56,30.2453,.41123,21,23.7924,.215527,9166.302,0,0,0,1110,.0002719,181,.0000443,114,94,.0004585,11,.0000537,127,31,.0006077,.0001483,138,.0005328,30,.0001158,368.421,.0000902,4082999,204999.8,208998.5,258999.8,37426,6.2,61.5,.0489764
"AL",1988,1.17,7.2,12368.62,56.83453,1.501444,30.2233,.43018,21,23.7924,.218328,9674.323,0,0,0,1023,.0002494,139,.0000339,89,66,.0003284,8,.0000398,105,24,.000544,.0001244,123,.0004677,25,.0000951,298.322,.0000727,4101992,201000.1,193000.5,262999.8,39684,5.5,62.3,.0353918
"AZ",1982,1.97,9.9,12309.07,56.8933,.2147971,3.9589,4.9191,19,0,.209012,6810.157,0,1,1,724,.0002499,131,.0000452,76,40,.0002837,7,.0000496,81,16,.000518,.0001023,96,.0004404,36,.0001651,173.668,.0000599,2896997,141000,156378.7,218000,19729,9.7,57.8,-.0431819
"AZ",1983,1.9,9.1,12693.81,57.55363,.206422,3.8901,4.83107,19,0,.203855,6587.495,0,1,1,675,.0002267,112,.0000376,60,40,.0002878,7,.0000504,83,19,.0005269,.0001206,80,.0003653,17,.0000776,196.89,.0000661,2977004,138999.9,157521.4,218999.9,19611,9.6,57.9,.0762055
"AZ",1984,2.14,5,13265.93,60.37902,.2967033,3.8226,4.74461,19,0,.209127,6709.97,0,1,1,869,.0002829,149,.0000485,81,51,.0003696,8,.000058,118,34,.0007437,.0002143,123,.0005591,33,.00015,212.361,.0000691,3071996,138000.1,158672.5,220000,20613,7.5,59.5,.106214
"AZ",1985,1.86,6.5,13726.7,58.64853,.3813559,3.7562,4.65971,21,0,.188428,6771.263,0,1,1,893,.0002802,150,.0000471,75,48,.0003429,11,.0000786,100,26,.0006257,.0001627,121,.00055,30,.0001364,225.824,.0000709,3186998,140000.1,159832,220000,21580,7.2,60.1,.0781956
"AZ",1986,1.78,6.9,14107.33,60.28018,.371517,3.691,4.57632,21,0,.171539,8129.008,0,1,1,1007,.0003071,173,.0000528,85,72,.0004865,19,.0001284,104,30,.000646,.0001863,130,.0006161,25,.0001185,242.827,.0000741,3278998,148000.1,161000,210999.9,26655,7,60.7,.0677125
"AZ",1987,1.72,6.2,14241,60.21506,.36,3.6269,4.49442,21,0,.168724,9370.654,0,1,1,937,.0002767,172,.0000508,87,50,.0003356,16,.0001074,99,25,.0006111,.0001543,121,.0005708,34,.0001604,241.78,.0000714,3385996,149000.2,162000.3,211999.9,31729,6.2,61.5,.0641113
"AZ",1988,1.68,6.3,14408.08,60.49767,.346487,3.564,4.41399,21,0,.161005,9815.721,0,1,1,944,.0002706,136,.000039,67,54,.0003649,14,.0000946,100,14,.0006369,.0000892,116,.0005321,31,.0001422,238.234,.0000683,3488995,147999.9,157000.7,218000,34247,5.5,62.3,.0265678
"AR",1982,1.19,9.8,10267.3,54.47586,.650358,22.9672,.32829,21,36.7128,.204903,7208.5,0,0,0,550,.0002384,102,.0000442,64,36,.0002951,5,.000041,62,24,.0005113,.0001979,61,.0003885,18,.0001146,271.459,.0001177,2306999,122000,121269.5,157000,16630,9.7,57.8,-.0347338
"AR",1983,1.2,10.1,10433.49,53.81479,.6754587,23.0009,.34341,21,36.4301,.194169,7175.917,0,0,0,557,.0002396,88,.0000378,47,35,.0002966,2,.0000169,65,19,.0005385,.0001574,73,.0004591,22,.0001384,247.857,.0001066,2324999,118000.1,120698.1,159000.2,16684,9.6,57.9,.0401444
"AR",1984,1.22,8.9,10916.48,54.67128,.5989011,23.0346,.35924,21,36.104,.18638,7084.82,0,0,0,525,.0002238,81,.0000345,48,34,.0002957,2,.0000174,72,24,.0005994,.0001998,67,.0004136,18,.0001111,182.707,.0000779,2346002,115000.1,120129.4,162000.1,16621,7.5,59.5,.0835973
"AR",1985,1.12,8.7,11149.36,54.97712,.5773305,23.0684,.37579,21,35.905,.189292,7253.918,0,0,0,534,.0002264,73,.0000309,43,45,.0003982,7,.0000619,56,13,.0004684,.0001087,57,.000354,19,.000118,198.154,.000084,2359001,113000,119563.4,161000.1,17112,7.2,60.1,.0046022
"AR",1986,.92,8.7,11399.38,55.56186,.5624355,23.1022,.39311,21,39.5696,.161957,7468.999,0,0,0,603,.0002543,108,.0000456,67,48,.0004174,7,.0000609,66,22,.0005546,.0001849,78,.0005379,22,.0001517,237.517,.0001002,2371001,115000.1,119000,145000,17709,7,60.7,.0297692
"AR",1987,1.01,8.1,11537,56.33089,.545,23.1361,.41123,21,39.2879,.164132,7665.831,0,0,0,639,.0002676,110,.0000461,61,58,.0005,15,.0001293,72,19,.0006154,.0001624,65,.0004577,17,.0001197,221.905,.0000929,2388000,116000,117000.9,142000.1,18306,6.2,61.5,.00193
"AR",1988,.99,7.7,11760.35,57.36695,.5245429,23.17,.43018,21,39.2879,.167541,8024.625,0,0,0,610,.0002547,86,.0000359,55,41,.0003596,6,.0000526,61,16,.0005545,.0001455,69,.0004726,21,.0001438,208.85,.0000872,2395003,114000,109999.1,145999.9,19219,5.5,62.3,.0337335
"CA",1982,2.21,9.9,15797.14,59.51593,.1073986,1.7231,1.67854,21,0,.190196,6858.677,0,0,0,4615,.0001862,944,.0000381,553,241,.0002083,61,.0000527,567,161,.0004292,.0001219,758,.0004004,249,.0001315,1379.13,.0000556,2.48e+07,1157002,1321004,1892998,169999,9.7,57.8,-.011686
"CA",1983,2.15,9.7,15970.18,59.25233,.103211,1.7347,1.66792,21,0,.183569,7216.292,0,0,0,4573,.0001807,856,.0000338,487,232,.000206,39,.0000346,513,141,.0003916,.0001076,702,.0003722,206,.0001092,1251.6,.0000494,2.53e+07,1126001,1309863,1886002,182652,9.6,57.9,.0530367
"CA",1984,2.07,7.8,16590.11,60.69826,.0989011,1.7464,1.65736,21,0,.174131,7619.176,0,0,0,5020,.0001946,957,.0000371,559,267,.0002416,68,.0000615,593,177,.0004566,.0001363,770,.0004109,215,.0001147,1421.82,.0000551,2.58e+07,1105000,1298816,1873999,196537,7.5,59.5,.072461
"CA",1985,1.97,7.2,16985.17,61.33171,.095339,1.7582,1.64687,21,0,.167896,7874.067,0,0,0,4960,.0001881,887,.0000336,499,302,.0002731,65,.0000588,545,139,.0004232,.0001079,762,.0004108,226,.0001218,1243.92,.0000472,2.64e+07,1106000,1287862,1854999,207600,7.2,60.1,.0483305
"CA",1986,1.85,6.7,17356.04,62.00847,.0928793,1.7701,1.63644,21,0,.164371,8034.91,0,0,0,5253,.0001945,880,.0000326,510,318,.0002713,62,.0000529,571,141,.0004471,.0001104,757,.0004284,185,.0001047,1309.91,.0000485,2.70e+07,1172000,1277000,1766999,216951,7,60.7,.0466814
"CA",1987,1.78,5.8,17846,63.0743,.09,1.7821,1.62608,21,0,.160682,8180.633,0,0,0,5504,.000199,944,.0000341,531,302,.0002597,50,.000043,601,137,.000474,.000108,717,.0004088,199,.0001135,1431.57,.0000518,2.77e+07,1163001,1268013,1754000,226301,6.2,61.5,.0697363
"CA",1988,1.72,5.3,18049.09,63.78366,.0866218,1.7941,1.61578,21,0,.148684,8531.99,0,,,5390,.0001904,936,.0000331,541,246,.0002183,48,.0000426,583,144,.0004748,.0001173,702,.0003966,197,.0001113,1246.71,.000044,2.83e+07,1126998,1227989,1770001,241575,5.5,62.3,.0490204
"CO",1982,2.25,7.7,15082.34,64.96674,.2147971,2.3,1.82301,21,.113151,.229148,7742.842,0,0,1,668,.0002174,140,.0000456,96,27,.0001888,5,.000035,91,36,.0005354,.0002118,100,.0004065,35,.0001423,219.75,.0000715,3071999,143000.1,169956.8,246000,23786,9.7,57.8,.012043
"CO",1983,2.15,6.6,15131.88,67.30022,.206422,2.3,1.83462,21,.090822,.207658,7656.063,1,0,1,646,.0002051,146,.0000464,92,44,.0003143,12,.0000857,68,20,.0004056,.0001193,98,.0004033,30,.0001235,217.35,.000069,3149008,139999.9,167672,243000.1,24109,9.6,57.9,.0291794
"CO",1984,2.15,5.6,15486.81,68.66242,.1978022,2.3,1.84631,21,.075862,.192155,7707.853,1,0,1,608,.0001906,104,.0000326,73,53,.0003869,14,.0001022,71,14,.0004292,.0000846,101,.0004226,28,.0001172,202.94,.0000636,3189994,137000.1,165417.8,239000.1,24588,7.5,59.5,.0553472
"CO",1985,2.05,5.9,15569.92,67.85415,.190678,2.3,1.85808,21,.074899,.192028,8092.209,1,0,1,579,.0001792,96,.0000297,63,35,.0002555,7,.0000511,58,16,.0003554,.000098,100,.0004292,28,.0001202,186.73,.0000578,3231009,137000.2,163194,232999.8,26146,7.2,60.1,.0243076
"CO",1986,1.81,7.4,15616.1,64.98344,.1857585,2.3,1.86991,21,.074097,.1921,8131.375,1,0,1,603,.0001846,116,.0000355,75,50,.0003401,9,.0000612,76,18,.000472,.0001118,101,.000457,37,.0001674,175.37,.0000537,3265992,147000,161000,220999.8,26557,7,60.7,.0165261
"CO",1987,1.78,7.7,15605,64.2183,.18,2.3,1.88183,21,.05807,.192999,8182.028,1,0,1,591,.0001793,90,.0000273,64,42,.0002917,7,.0000486,54,16,.0003439,.0001019,59,.0002731,16,.0000741,140.26,.0000426,3296005,143999.8,156999.6,216000.1,26968,6.2,61.5,-.0235823
"CO",1988,1.74,6.4,15845.04,65.30445,.1732435,2.3,1.89382,21,.05807,.18026,8380.769,1,0,1,497,.0001506,93,.0000282,66,33,.0002426,6,.0000441,44,16,.0002953,.0001074,69,.0003301,23,.00011,132.95,.0000403,3301010,136000,149001,208999.7,27665,5.5,62.3,.008626
"CT",1982,2.42,6.9,17255.37,61.72942,.2243437,.1,.23331,18.5,.227055,.192841,6440.054,0,0,0,515,.0001647,158,.0000505,90,39,.0002294,8,.0000471,86,35,.0005299,.0002156,96,.0004444,42,.0001944,195.11,.0000624,3126993,169999.8,162300.1,216000.2,20138,9.7,57.8,-.002988
"CT",1983,2.46,6,17744.27,62.29441,.2335631,.1,.25198,19.25,.082803,.18935,6570.043,0,0,0,438,.0001395,118,.0000376,85,29,.0001768,11,.0000671,61,28,.0003802,.0001745,87,.0004028,31,.0001435,171.22,.0000545,3140010,164000.3,160443.5,215999.9,20630,9.6,57.9,.0736263
"CT",1984,2.41,4.6,18760.44,65.03468,.248011,.1,.27216,20,.080634,.181857,6680.193,0,0,0,469,.0001487,126,.0000399,85,32,.0002013,6,.0000377,65,25,.0004098,.0001576,81,.000375,30,.0001389,171.7,.0000544,3154999,158999.9,158608.1,216000,21076,7.5,59.5,.07782
"CT",1985,2.41,4.9,19312.5,65.91093,.2390784,.1,.29395,20.33,.080151,.178947,6979.215,0,1,1,448,.0001411,103,.0000325,71,35,.0002258,1,6.45e-06,53,15,.000338,.0000957,64,.0002963,24,.0001111,150.75,.0000475,3173996,155000.3,156793.7,216000.2,22152,7.2,60.1,.0505845
"CT",1986,2.31,3.8,20152.73,67.24277,.2329102,.1,.31748,21,.079862,.171669,7661.745,0,1,1,450,.0001409,114,.0000357,63,37,.0002434,11,.0000724,56,14,.0003613,.0000903,63,.000315,26,.00013,145.75,.0000456,3193007,152000,155000,200000,24464,7,60.7,.0636907
"CT",1987,2.25,3.3,21192,67.63767,.22569,.1,.3429,21,.080972,.166009,8338.534,0,1,1,449,.0001398,102,.0000318,61,31,.0002123,3,.0000205,42,11,.00028,.0000733,69,.0003557,30,.0001546,165.51,.0000515,3210996,145999.8,150000,194000.1,26775,6.2,61.5,.0757369
"CT",1988,2.15,3,22193.46,67.06396,.2172185,.1,.37035,21,.080972,.157068,8061.235,0,1,1,484,.0001497,93,.0000288,62,40,.0002941,7,.0000515,57,17,.0003986,.0001189,76,.0003762,32,.0001584,135.42,.0000419,3233003,135999.8,143000.5,201999.8,26062,5.5,62.3,.0512114
"DE",1982,2.59,8.5,14263.72,60.31042,.173031,.7,.2,20,0,.205543,7651.654,1,0,0,122,.0002033,34,.0000567,23,5,.0001613,2,.0000645,24,9,.0006527,.0002447,23,.0004792,14,.0002917,45.65,.0000761,600001,31000.06,36772.9,47999.96,4591,9.7,57.8,.0079685
"DE",1983,2.63,8.1,14500,59.86842,.1662844,.7,.2,20,0,.199483,8062.7,1,0,0,110,.0001815,26,.0000429,14,8,.0002667,2,.0000667,9,3,.0002496,.0000832,18,.000375,7,.0001458,33,.0000545,606000.5,29999.96,36059.16,48000,4886,9.6,57.9,.0567113
"DE",1984,2.57,6.2,14925.27,62.41901,.1593406,.7,.2,21,0,.193182,8368.063,1,0,0,130,.0002117,28,.0000456,16,8,.0002759,0,0,15,3,.0004242,.0000848,17,.0003617,8,.0001702,28.68,.0000467,614001.1,29000.01,35359.28,47000.02,5138,7.5,59.5,.0523612
"DE",1985,2.55,5.3,15408.9,63.55932,.1536017,.7,.2,21,0,.183342,8625.425,1,0,0,104,.0001672,21,.0000338,12,7,.00025,2,.0000714,10,2,.0002884,.0000577,21,.0004468,3,.0000638,38.88,.0000625,621998.4,28000,34672.98,46999.95,5365,7.2,60.1,.0378007
"DE",1986,2.42,4.3,15822.5,64.58333,.1496388,.7,.2,21,0,.177617,9045.817,1,0,0,136,.0002149,33,.0000521,20,10,.0003448,5,.0001724,18,6,.0005294,.0001765,22,.0005366,8,.0001951,45.55,.000072,632999.8,28999.96,34000,41000.03,5726,7,60.7,.0399405
"DE",1987,2.37,3.2,16407,65.5102,.145,.7,.2,21,0,.169047,9450.308,1,0,0,146,.0002267,27,.0000419,16,9,.0003103,3,.0001034,9,1,.0002647,.0000294,24,.0005854,10,.0002439,41.84,.000065,644000.2,28999.98,33999.47,40999.99,6086,6.2,61.5,.0614631
"DE",1988,2.32,3.2,16998.07,67.6,.1395573,.7,.2,21,0,.158751,9703.021,1,0,0,160,.0002424,32,.0000485,18,9,.0003214,1,.0000357,19,2,.0006333,.0000667,20,.0004444,7,.0001556,42.84,.0000649,660000.7,27999.96,30000.16,45000.04,6404,5.5,62.3,.0714475
"FL",1982,2.51,8.2,13502.39,53.4878,1.073986,9.1526,.4,19,0,.181476,7587.13,1,0,1,2653,.0002532,587,.000056,282,148,.0003103,35,.0000734,259,86,.0005263,.0001748,350,.0005087,123,.0001788,810.76,.0000774,1.05e+07,476999.3,492108.4,687999.9,79498,9.7,57.8,.0053854
"FL",1983,2.46,8.6,13924.31,53.72708,1.170413,8.9367,.4,19,0,.177945,7604.254,1,0,1,2686,.0002498,562,.0000523,291,132,.0002827,30,.0000642,274,92,.000551,.000185,317,.0004522,110,.0001569,963.9,.0000896,1.08e+07,467000.4,497250.2,701000.2,81776,9.6,57.9,.0770848
"FL",1984,2.35,6.3,14307.69,55.62103,1.186813,8.726,.4,19,0,.17872,7735.305,1,0,1,2814,.0002547,566,.0000512,311,150,.0003268,29,.0000632,270,88,.0005374,.0001751,344,.0004825,129,.0001809,744.38,.0000674,1.10e+07,459000.6,502445.7,713000.7,85475,7.5,59.5,.0808424
"FL",1985,2.27,6,14760.59,56.36853,1.144068,8.5202,.4,20,0,.170072,7747.311,1,0,1,2832,.0002492,490,.0000431,254,146,.0003195,24,.0000525,239,79,.0004708,.0001556,341,.0004743,101,.0001405,690.2,.0000607,1.14e+07,456999.8,507695.4,718999.8,88056,7.2,60.1,.0592894
"FL",1986,2.24,5.7,15102.17,57.44054,1.114551,8.3193,.4,21,0,.162555,7768.756,1,0,1,2830,.000242,530,.0000453,296,173,.0003642,39,.0000821,263,92,.0005127,.0001793,347,.0005171,94,.0001401,806.84,.000069,1.17e+07,474999.4,513000,670999.5,90848,7,60.7,.0535696
"FL",1987,2.17,5.3,15584,58.94335,1.08,8.1231,.4,21,0,.161258,7788.331,1,0,1,2839,.0002361,493,.000041,262,166,.0003437,32,.0000663,227,75,.0004425,.0001462,326,.0004866,94,.0001403,778.97,.0000648,1.20e+07,483000.4,512994.3,670000.3,93639,6.2,61.5,.0625311
"FL",1988,2.08,5,15979.79,59.79093,1.039461,7.9316,.4,21,0,.157563,8538.23,1,0,1,3078,.0002495,573,.0000465,315,184,.0003857,42,.0000881,278,73,.000565,.0001484,382,.0005465,145,.0002074,794.75,.0000644,1.23e+07,477000.3,492000.6,698999.9,105319,5.5,62.3,.0507521
"GA",1982,1.94,7.8,11774.46,60.07344,2.720764,24.6561,.42641,19,.49894,.210264,8623.444,0,0,0,1229,.0002175,225,.0000398,132,90,.0002961,16,.0000526,131,41,.0004045,.0001266,161,.0003824,59,.0001401,443.23,.0000784,5650991,303999.6,323855.6,420999.8,48731,9.7,57.8,.0060982
"GA",1983,1.99,7.5,12237.39,59.85542,2.614679,24.3885,.44026,19,.49991,.206981,8518.59,0,0,0,1296,.0002261,217,.0000379,134,97,.0003266,19,.000064,141,45,.000435,.0001388,160,.0003747,41,.000096,389.5,.0000679,5732991,297000.3,324141.3,427000.3,48837,9.6,57.9,.0790374
"GA",1984,1.97,6,12957.14,61.21198,2.505494,24.1239,.45456,19,.45019,.205332,8641.914,0,0,0,1410,.0002414,252,.0000431,146,124,.0004232,31,.0001058,167,47,.0005148,.0001449,168,.000388,48,.0001109,436.75,.0000748,5841993,293000.1,324427.3,432999.8,50486,7.5,59.5,.1020049
"GA",1985,1.93,6.5,13364.41,61.65138,2.415254,23.8621,.46932,19.25,.43317,.194928,8988.107,0,0,0,1361,.0002277,198,.0000331,124,95,.0003231,16,.0000544,151,37,.000465,.0001139,163,.0003713,38,.0000866,400.13,.000067,5976008,294000.2,324713.5,439000.5,53713,7.2,60.1,.0524056
"GA",1986,1.77,5.9,13891.64,63.30337,2.352941,23.6032,.48457,20.25,.42459,.188869,9344.768,0,0,0,1530,.0002508,263,.0000431,165,119,.0003826,22,.0000707,153,41,.0004708,.0001262,183,.0004442,49,.0001189,463.13,.0000759,6099992,310999.7,325000,411999.8,57003,7,60.7,.0652951
"GA",1987,1.75,5.5,14306,63.32089,2.28,23.3471,.5003,21,.20728,.184329,9690.281,0,0,0,1599,.000257,264,.0000424,164,113,.0003587,13,.0000413,134,29,.0004136,.0000895,190,.0004623,49,.0001192,470.43,.0000756,6222008,315000.1,324000.2,411000.1,60293,6.2,61.5,.064806
"GA",1988,1.72,5.8,14687.2,64.06385,2.194418,23.0938,.51656,21,.20728,.174883,9817.396,0,0,0,1653,.0002606,272,.0000429,171,125,.0004006,15,.0000481,171,49,.000557,.0001596,170,.0004,49,.0001153,484.88,.0000765,6342008,312000,307001.8,425000,62262,5.5,62.3,.0443216
"ID",1982,1.39,9.8,11078.76,58.82353,.4027447,1.02369,25.1575,19,0,.233786,8033.752,0,0,0,256,.0002618,47,.0000481,24,29,.0006042,4,.0000833,38,10,.0007273,.0001914,32,.0004638,13,.0001884,76.79,.0000785,977998.8,47999.97,52247.96,69000.02,7857,9.7,57.8,-.0541203
"ID",1983,1.3,9.8,11346.33,59.85507,.3870413,1.03574,24.9879,19,0,.228551,8387.642,0,0,0,263,.0002662,44,.0000445,31,15,.0003191,4,.0000851,38,12,.0007353,.0002322,36,.0005217,6,.000087,88.28,.0000893,988001.3,46999.99,51676.66,69000.02,8287,9.6,57.9,.045208
"ID",1984,1.28,7.2,11386.81,61.37339,.3708791,1.04794,24.8196,19,0,.218236,7775.768,0,0,0,242,.0002422,34,.000034,22,24,.0005106,2,.0000426,26,8,.0005087,.0001565,33,.0004853,7,.0001029,79.66,.0000797,999001,47000.03,51111.62,68000.02,7768,7.5,59.5,.0387287
"ID",1985,1.18,7.9,11459.75,61.28572,.3575212,1.06028,24.6523,19,0,.212606,7671.632,0,0,0,255,.0002537,53,.0000527,34,17,.0003617,7,.0001489,38,13,.0007517,.0002572,27,.0004154,9,.0001385,73.65,.0000733,1005001,47000.02,50552.75,64999.94,7710,7.2,60.1,.0210429
"ID",1986,1.12,8.7,11541.8,61.10326,.3482972,1.07277,24.4862,19,0,.207312,7899.201,0,0,0,258,.0002575,48,.0000479,35,33,.0006735,5,.000102,31,10,.00062,.0002,32,.0005079,9,.0001429,84.02,.0000839,1002000,49000.03,50000,62999.94,7915,7,60.7,-.0151058
"ID",1987,1.06,8,11859,61.18143,.3375,1.0854,24.3212,20.5,0,.202263,8135.269,0,0,0,262,.0002625,53,.0000531,39,22,.000449,5,.000102,34,11,.0007083,.0002292,34,.0005574,11,.0001803,78.18,.0000783,998000.3,48999.96,48000.23,61000,8119,6.2,61.5,.0005643
"ID",1988,1.07,5.8,12189.61,62.90098,.3248316,1.09818,24.1573,21,0,.189994,8102.682,0,0,0,257,.0002562,36,.0000359,25,22,.0004583,4,.0000833,30,6,.0006383,.0001277,30,.0005263,6,.0001053,72.8,.0000726,1003001,48000.04,46999.84,56999.98,8127,5.5,62.3,.0495875
"IL",1982,2.04,11.3,14743.44,58.07432,.1885442,2.34697,.2333,21,6.40355,.209362,5696.535,0,0,0,1651,.0001438,418,.0000364,229,106,.0001818,23,.0000395,203,80,.0003283,.0001294,224,.0002667,98,.0001167,532.99,.0000464,1.15e+07,583000.6,618339,839999,65385,9.7,57.8,-.0399355
"IL",1983,1.96,11.4,14745.41,57.74566,.1811927,2.37081,.252,21,6.39631,.205004,5862.868,0,0,0,1526,.0001328,362,.0000315,201,96,.0001714,18,.0000321,187,64,.0003089,.0001057,195,.0002358,85,.0001028,501.1,.0000436,1.15e+07,559998.6,605350.8,827000.1,67370,9.6,57.9,.0109067
"IL",1984,1.93,9.1,15390.11,59.13629,.1736264,2.3949,.2722,21,6.3791,.195512,6067.528,0,0,0,1547,.0001343,343,.0000298,206,99,.000183,27,.0000499,179,62,.000302,.0001046,231,.0002831,72,.0000882,462.28,.0000401,1.15e+07,541001.3,592635.3,816000.6,69910,7.5,59.5,.0689042
"IL",1985,1.86,9,15602.75,59.70356,.1673729,2.41923,.2939,21,6.37191,.192188,6141.676,0,0,0,1534,.000133,304,.0000264,162,73,.0001377,13,.0000245,162,45,.0002792,.0000776,232,.0002911,82,.0001029,396.69,.0000344,1.15e+07,529999.4,580186.9,796998.9,70844,7.2,60.1,.0187625
"IL",1986,1.75,8.1,15988.65,60.34324,.1630547,2.44381,.3175,21,4.47321,.185557,6345.777,0,0,0,1596,.0001382,354,.0000306,207,108,.0001996,20,.000037,178,64,.0003134,.0001127,238,.0003208,98,.0001321,475.67,.0000412,1.16e+07,541000.9,568000,741999.3,73300,7,60.7,.0308808
"IL",1987,1.68,7.4,16417,60.99989,.158,2.46863,.3429,21,4.46123,.182501,6540.846,1,0,0,1660,.0001433,326,.0000281,183,100,.000188,18,.0000338,173,54,.0003128,.0000976,225,.0003112,66,.0000913,437.11,.0000377,1.16e+07,531999.8,552998.3,723000.8,75756,6.2,61.5,.0263684
"IL",1988,1.63,6.8,16915.3,61.59708,.1520693,2.49371,.3703,21,4.46123,.170912,6757.613,1,0,0,1837,.0001582,364,.0000313,228,110,.0002165,23,.0000453,210,68,.0004054,.0001313,225,.0003078,63,.0000862,506.85,.0000436,1.16e+07,508001,517994.1,730998.9,78483,5.5,62.3,.0450503
"IN",1982,1.44,11.9,12282.82,56.42292,.3091325,1.80443,.3283,21,0,.20299,7149.917,1,0,0,961,.0001753,235,.0000429,131,65,.0002289,21,.0000739,127,45,.0004091,.000145,141,.0003422,53,.0001286,348.89,.0000636,5483001,284000.3,310440.3,412000,39203,9.7,57.8,-.0645199
"IN",1983,1.39,11.1,12364.68,56.48422,.2970791,1.85902,.3434,21,0,.180198,7277.506,1,0,0,1016,.0001856,212,.0000387,130,65,.000239,11,.0000404,130,43,.0004278,.0001415,146,.0003605,56,.0001383,346.77,.0000633,5473991,271999.5,303874.9,404999.8,39837,9.6,57.9,.0155557
"IN",1984,1.39,8.6,13008.79,58.71965,.2846736,1.91527,.3592,21,0,.103286,7478.887,0,0,0,925,.0001684,191,.0000348,119,83,.0003144,20,.0000758,102,32,.0003429,.0001076,137,.0003434,54,.0001353,351.45,.000064,5491994,263999.9,297448.3,399000.5,41074,7.5,59.5,.0773052
"IN",1985,1.39,7.9,13161.02,61.43695,.2744205,1.97321,.3758,21,0,.185119,7416.253,0,0,0,974,.0001771,166,.0000302,93,77,.0002962,14,.0000538,109,31,.0003744,.0001065,157,.0004046,52,.000134,302.45,.000055,5499004,259999.9,291157.6,388000.2,40782,7.2,60.1,.0168915
"IN",1986,1.28,6.7,13582.04,62.45146,.2673405,2.03292,.3931,21,0,.12042,7714.322,0,0,0,1038,.0001886,192,.0000349,131,83,.0003074,15,.0000556,119,34,.0004175,.0001193,142,.0003966,55,.0001536,290.31,.0000528,5503011,270000.4,285000,358000,42452,7,60.7,.0307622
"IN",1987,1.29,6.4,13937,61.92881,.259053,2.09442,.4112,21,0,.097662,7977.216,0,0,0,1055,.0001907,194,.0000351,123,100,.0003704,20,.0000741,99,32,.0003548,.0001147,118,.0003362,38,.0001083,254.86,.0000461,5531003,270000.3,278999,351000.3,44122,6.2,61.5,.0409886
"IN",1988,1.28,5.3,14363.81,63.40649,.2493291,2.15779,.4302,21,0,.073137,9201.576,0,0,0,1101,.0001982,202,.0000364,123,90,.0003448,19,.0000728,132,36,.0005077,.0001385,141,.0003939,44,.0001229,322.4,.000058,5556005,260999.7,260001.2,357999.8,51124,5.5,62.3,.0364388
"IA",1982,1.25,8.5,12968.97,60.02779,.375895,.46661,.3283,19,0,.216399,6653.263,0,0,0,480,.0001651,87,.0000299,61,52,.0003611,6,.0000417,59,19,.0003702,.0001192,66,.0003056,21,.0000972,219.28,.0000754,2906995,144000,159388.6,215999.7,19341,9.7,57.8,-.0895124
"IA",1983,1.23,8.1,12573.39,60.44465,.3612385,.50397,.3434,19,0,.204323,6770.308,1,0,0,514,.000177,123,.0000424,72,42,.0003043,10,.0000725,77,36,.0004955,.0002317,75,.0003538,32,.0001509,211.56,.0000729,2904004,137999.9,155393.8,211999.8,19661,9.6,57.9,-.0511714
"IA",1984,1.16,7,13203.3,60.74074,.3461539,.54432,.3592,19,0,.193046,7060.63,1,0,0,420,.0001447,100,.0000344,61,32,.0002406,7,.0000526,62,29,.0004092,.0001914,56,.0002705,22,.0001063,168.69,.0000581,2902999,132999.7,151499,207000.3,20497,7.5,59.5,.067845
"IA",1985,1.1,8,13351.7,60.49326,.3336864,.5879,.375794,19,0,.184236,7001.038,1,0,0,474,.0001644,85,.0000295,62,37,.0002868,6,.0000465,71,21,.0004807,.0001422,76,.0003838,25,.0001263,182.751,.0000634,2884001,128999.9,147701.9,198000.2,20191,7.2,60.1,-.0198835
"IA",1986,.98,7,13812.18,62.52337,.3831269,.635,.393111,20,0,.178267,7192.99,1,0,0,441,.0001547,93,.0000326,62,49,.0003712,5,.0000379,65,25,.0004514,.0001736,51,.0002881,13,.0000734,146.979,.0000516,2849997,132000,144000,176999.8,20500,7,60.7,.0143715
"IA",1987,1.04,5.5,14284,64.03181,.4275,.6858,.411227,21,0,.17257,7342.257,1,0,0,491,.0001733,91,.0000321,61,42,.0003281,6,.0000469,55,16,.0003986,.0001159,56,.0003294,13,.0000765,186.09,.0000657,2834006,128000,138000.3,169999.9,20808,6.2,61.5,-.0128075
"IA",1988,.96,4.5,14111.65,66.68217,.4849269,.7407,.430177,21,0,.15633,7730.063,1,0,0,557,.0001965,106,.0000374,65,40,.0003333,8,.0000667,63,22,.0005,.0001746,73,.0004195,22,.0001264,182.051,.0000642,2834000,120000.1,126000,174000.1,21907,5.5,62.3,.0249414
"KS",1982,1.29,6.3,14094.27,62.73292,.4840096,3.1966,.426407,21,0,.213105,7333.069,0,1,1,498,.0002068,88,.0000365,55,30,.0002703,7,.0000631,56,18,.0004159,.0001337,77,.0004162,24,.0001297,288.305,.0001197,2407996,111000.1,134654.7,185000.1,17658,9.7,57.8,-.0154056
"KS",1983,1.23,6.1,13917.43,62.44395,.4651376,3.2461,.440257,21,0,.204553,7479.611,0,1,1,411,.0001693,76,.0000313,45,30,.000283,3,.0000283,59,28,.0004491,.0002131,64,.0003516,16,.0000879,185.429,.0000764,2426998,105999.9,131373,182000.2,18153,9.6,57.9,.0094826
"KS",1984,1.21,5.2,14308.79,63.11977,.4457143,3.2963,.454557,21,0,.195035,7670.888,0,1,1,510,.000209,96,.0000393,62,32,.0003137,6,.0000588,60,22,.0004681,.0001716,68,.0003842,20,.000113,208.669,.0000855,2440005,102000.2,128171.3,176999.9,18717,7.5,59.5,.0549539
"KS",1985,1.22,5,14631.36,65.55184,.429661,3.3473,.469321,21,0,.190181,7867.333,0,1,1,486,.0001984,89,.0000363,47,29,.0002871,3,.0000297,61,20,.0004878,.0001599,67,.0003964,27,.0001598,231.75,.0000946,2450004,100999.9,125047.6,168999.9,19275,7.2,60.1,.010786
"KS",1986,1.14,5.4,14977.3,64.40771,.4185759,3.3991,.484565,21,0,.183509,8100.053,1,1,1,500,.0002033,110,.0000447,56,38,.0003551,7,.0000654,63,30,.0005164,.0002459,59,.0003782,17,.000109,216.014,.0000878,2458996,107000.1,122000,156000,19918,7,60.7,.0250776
"KS",1987,1.08,4.9,15152,65.77511,.4056,3.4516,.500305,21,0,.179385,8304.131,1,1,1,491,.0001983,112,.0000452,72,37,.0003524,10,.0000952,62,24,.0005254,.0002034,66,.0004342,27,.0001776,184.431,.0000745,2475997,105000,118000.8,151999.8,20561,6.2,61.5,.0028575
"KS",1988,1.08,4.8,15167.47,66.14301,.3903754,3.505,.516555,21,0,.170375,8481.355,1,1,1,483,.0001936,95,.0000381,63,34,.0003333,7,.0000686,59,27,.0005364,.0002455,52,.0003421,14,.0000921,161.535,.0000647,2495002,102000.1,110000.7,152000.1,21161,5.5,62.3,.0206855
"KY",1982,1.43,10.6,11071.6,55.83982,.2159905,24.0411,.3,21,39.4533,.195236,6937.466,0,0,0,822,.0002225,159,.000043,100,67,.0003454,14,.0000722,113,37,.0005425,.0001776,119,.0004296,33,.0001191,279.195,.0000756,3694000,193999.9,208284.2,276999.9,25627,9.7,57.8,-.0276839
"KY",1983,1.38,11.7,10913.99,55.22058,.2075688,23.9127,.3,21,39.2408,.202715,7194.143,0,0,0,778,.0002095,148,.0000398,95,73,.0003904,14,.0000749,92,35,.0004485,.0001706,101,.0003646,33,.0001191,262.608,.0000707,3713994,187000.2,205142.8,277000,26719,9.6,57.9,.0128027
"KY",1984,1.3,9.3,11441.76,56.90224,.1989011,23.785,.3,21,40.3541,.191641,7513.703,1,0,0,754,.0002027,126,.0000339,80,55,.0003039,10,.0000552,87,21,.0004306,.0001039,107,.0003905,25,.0000912,236.672,.0000636,3720003,181000.2,202048.8,274000,27951,7.5,59.5,.0646127
"KY",1985,1.28,9.5,11405.72,55.89949,.1917373,23.6579,.3,21,39.1036,.202642,7654.335,1,0,0,712,.0001911,117,.0000314,69,61,.0003446,16,.0000904,84,18,.0004221,.0000905,92,.000342,30,.0001115,203.75,.0000547,3725993,176999.9,199001.4,269000.3,28520,7.2,60.1,-.0024902
"KY",1986,1.17,9.3,11602.68,55.57971,.1867905,23.5315,.3,21,45.7921,.17963,7859.621,1,0,0,805,.000216,142,.0000381,108,58,.0003169,18,.0000984,89,22,.0004541,.0001122,105,.0004268,34,.0001382,244.906,.0000657,3726007,182999.9,196000,246000.2,29285,7,60.7,.0103472
"KY",1987,1.16,8.8,12008,55.38739,.181,23.4058,.3,21,45.7798,.173935,8135.244,1,0,0,844,.0002265,121,.0000325,75,80,.0004372,10,.0000546,87,17,.0004531,.0000885,106,.0004417,25,.0001042,255.851,.0000686,3726993,183000.2,192002.1,239999.8,30320,6.2,61.5,.0472531
"KY",1988,1.16,7.9,12340.71,56.57942,.174206,23.2808,.3,21,45.7798,.166122,8482.436,1,0,0,838,.0002248,107,.0000287,79,77,.000435,9,.0000508,93,20,.0005225,.0001124,106,.0004327,22,.0000898,224.85,.0000603,3726996,177000.1,178000.7,245000,31614,5.5,62.3,.03294
"LA",1982,1.84,10.3,12213.6,53.74718,.8663484,15.2656,.328286,18,3.4543,.281496,6137.799,1,1,1,1091,.0002489,230,.0000525,120,58,.0002417,15,.0000625,155,49,.0006159,.0001947,175,.0005072,50,.0001449,378.609,.0000864,4383005,239999.7,251680.3,345000.3,26902,9.7,57.8,-.0428278
"LA",1983,1.76,11.8,11994.27,53.36705,.8325688,15.1498,.343414,18,3.4091,.243499,6208.742,0,1,1,933,.0002101,168,.0000378,95,66,.0002809,13,.0000553,117,31,.0004699,.0001245,142,.000414,37,.0001079,362.47,.0000816,4440997,235000,248966.7,343000.1,27573,9.6,57.9,-.0619938
"LA",1984,1.74,10,12017.58,54.88226,.7978022,15.0348,.359239,18,3.1831,.281625,7080.938,0,1,1,961,.0002154,222,.0000498,138,70,.0003084,19,.0000837,119,53,.0004832,.0002152,152,.0004497,48,.000142,407.527,.0000914,4460991,227000,246282.3,338000.1,31588,7.5,59.5,.0243971
"LA",1985,1.6,11.5,11972.46,54.95467,.7690678,14.9207,.375794,18,3.1243,.202869,7445.878,0,1,1,931,.0002078,194,.0000433,113,61,.000276,8,.0000362,118,46,.0004843,.0001888,134,.0004061,42,.0001273,360.649,.0000805,4481003,221000.1,243626.8,329999.7,33365,7.2,60.1,-.0276619
"LA",1986,1.45,13.1,11602.68,53.71233,.749226,14.8075,.393111,18,3.0807,.196083,7108.686,0,1,1,932,.0002072,181,.0000402,91,57,.0002568,12,.0000541,108,32,.0004481,.0001328,141,.0004653,34,.0001122,351.913,.0000782,4499003,221999.8,241000,302999.7,31982,7,60.7,-.0904825
"LA",1987,1.4,12,11515,53.64404,.726,14.6951,.411227,20.5,3.1069,.182696,6859.208,0,1,1,827,.0001854,174,.000039,103,58,.000271,11,.0000514,82,24,.000355,.0001039,127,.0004379,40,.0001379,303.575,.0000681,4461011,214000,230998.9,290000,30599,6.2,61.5,-.0609582
"LA",1988,1.39,10.9,11830.61,53.84858,.6987488,14.5836,.430177,21,3.1069,.170625,7867.977,0,1,1,925,.0002098,208,.0000472,131,57,.0002794,12,.0000588,108,39,.0005167,.0001866,110,.0003729,34,.0001153,313.573,.0000711,4407995,203999.8,208998.6,295000.3,34682,5.5,62.3,.0213793
"ME",1982,1.97,8.6,11442.72,55.99051,.8054893,.1,.4,20,3.3451,.187583,6733.286,0,1,0,166,.0001461,30,.0000264,24,11,.0001803,2,.0000328,26,6,.0004176,.0000964,19,.0002375,4,.00005,75.24,.0000662,1135998,60999.95,62254.06,80000,7649,9.7,57.8,.0058755
"ME",1983,1.99,9,11795.87,57.25995,.7740826,.1,.4,20,3.4061,.183961,6920.517,0,1,0,224,.0001956,44,.0000384,31,22,.0003729,4,.0000678,30,9,.0004864,.0001459,43,.0005309,11,.0001358,91.595,.00008,1145001,59000.05,61682.73,81000.03,7924,9.6,57.9,.0623604
"ME",1984,1.97,6.1,12271.43,59.76878,.7417582,.1,.4,20,3.57119,.17952,8083.908,0,1,0,232,.0002007,47,.0000407,39,15,.0002586,2,.0000345,39,12,.0006381,.0001963,22,.0002716,9,.0001111,71.8,.0000621,1156000,57999.93,61116.64,80999.98,9345,7.5,59.5,.0590452
"ME",1985,1.83,5.4,12609.11,59.77143,.7150424,.1,.4,20.5,3.35052,.174748,7969.934,0,1,0,206,.000177,39,.0000335,28,18,.0003214,4,.0000714,31,4,.0005119,.0000661,22,.000275,8,.0001,58.6,.0000503,1164000,55999.93,60555.74,80000,9277,7.2,60.1,.0366306
"ME",1986,1.79,5.3,13292.05,60.1359,.749807,.1,.4,21,3.32765,.169682,8550.348,0,1,0,214,.0001826,34,.000029,21,12,.0002143,1,.0000179,22,5,.0003667,.0000833,41,.0005541,10,.0001351,65.88,.0000562,1171999,55999.93,60000,74000.01,10021,7,60.7,.061839
"ME",1987,1.78,4.4,13984,62.47216,.7875,.1,.4,21,3.28559,.188787,9069.937,0,1,0,232,.0001955,36,.0000303,26,12,.0002143,2,.0000357,34,9,.0005763,.0001525,26,.0003611,11,.0001528,59.93,.0000505,1186998,55999.93,59000.12,72000.02,10766,6.2,61.5,.1128455
"ME",1988,1.78,3.8,14538.98,62.91028,.7579404,.1,.4,21,3.28559,.179826,9461.399,0,1,0,255,.0002116,31,.0000257,25,21,.0003818,3,.0000545,28,4,.0005,.0000714,29,.0003766,6,.0000779,61.77,.0000513,1205002,55000.02,56000,77000.08,11401,5.5,62.3,.0703771
"MD",1982,2.46,8.4,15198.09,61.45026,.2410501,3.02269,.328286,21,1.53368,.196279,6768.094,1,0,0,640,.0001498,182,.0000426,101,43,.0001814,10,.0000422,90,45,.0003846,.0001923,92,.0002968,37,.0001194,175.6,.0000411,4272991,236999.5,234008.1,310000.2,28920,9.7,57.8,-.0069335
"MD",1983,2.38,6.9,15644.5,63.14655,.2316514,3.03409,.343414,21,1.50105,.20469,7118.825,1,0,0,656,.0001525,167,.0000388,93,47,.0002043,11,.0000478,69,32,.0002978,.0001381,102,.0003269,36,.0001154,177.33,.0000412,4300991,229999.8,231722.8,312000.1,30618,9.6,57.9,.0579636
"MD",1984,2.32,5.4,16313.19,64.53771,.221978,3.04554,.359239,21,1.13394,.212863,7289.488,1,0,0,643,.0001479,142,.0000327,86,48,.0002152,10,.0000448,62,15,.0002702,.0000654,109,.000346,43,.0001365,180.07,.0000414,4349002,222999.6,229459.8,314999.8,31702,7.5,59.5,.0671133
"MD",1985,2.26,4.6,16921.61,64.5509,.2139831,3.05704,.375794,21,1.12284,.215297,7590.41,1,0,0,729,.000166,141,.0000321,85,39,.0001797,6,.0000276,90,32,.0003961,.0001408,123,.0003892,41,.0001297,188.84,.000043,4391990,216999.4,227219,315999.6,33337,7.2,60.1,.0554242
"MD",1986,2.13,4.5,17475.75,66.2441,.2084623,3.06858,.393111,21,1.10738,.176037,7826.705,1,0,0,784,.0001757,174,.000039,106,56,.0002654,13,.0000616,75,27,.0003333,.00012,132,.000449,55,.0001871,197.08,.0000442,4461009,210999.9,225000,293999.8,34915,7,60.7,.055968
"MD",1987,2.1,4.2,18167,66.69566,.202,3.08016,.411227,21,1.09151,.170368,8046.975,1,0,0,814,.0001795,172,.0000379,101,53,.000256,17,.0000821,90,23,.0004054,.0001036,118,.0004083,41,.0001419,170.01,.0000375,4534996,206999.7,221997.5,289000.3,36493,6.2,61.5,.0718352
"MD",1988,1.98,4.5,18755.53,66.68565,.1944177,3.09178,.430177,21,1.09151,.172348,8112.946,1,0,0,782,.0001692,150,.0000325,92,50,.0002538,7,.0000355,80,25,.0003738,.0001168,100,.0003226,31,.0001,158.01,.0000342,4621996,197000.1,214001,309999.7,37498,5.5,62.3,.0544077
"MA",1982,2.46,7.9,15215.99,62.05267,.2863962,0,.1,20,1.81114,.190607,6380.051,0,0,0,659,.0001147,169,.0000294,108,76,.0002621,15,.0000517,92,33,.0002771,.0000994,109,.0002444,45,.0001009,344.77,.00006,5746976,290000,332032.4,445999.3,36666,9.7,57.8,-.0017325
"MA",1983,2.42,6.9,15801.61,61.98569,.2752294,0,.1,20,1.80021,.186082,6510.74,0,0,0,651,.0001129,198,.0000343,131,59,.0002092,12,.0000426,85,48,.0002613,.0001475,109,.0002472,55,.0001247,221.52,.0000384,5766012,281999.8,325323.7,440999.2,37541,9.6,57.9,.0677382
"MA",1984,2.46,4.8,16735.16,64.33163,.2637362,0,.1,20,2.24215,.179802,6646.591,0,0,0,666,.0001149,181,.0000312,130,58,.0002117,13,.0000474,101,43,.0003169,.0001349,119,.0002736,48,.0001103,210.57,.0000363,5798010,273999.8,318750.6,435000.3,38537,7.5,59.5,.0839121
"MA",1985,2.4,3.9,17271.19,64.64491,.2542373,0,.1,20.5,2.31032,.173664,6818.296,0,0,0,742,.0001274,176,.0000302,105,64,.0002397,10,.0000375,103,35,.0003298,.0001121,101,.0002371,44,.0001033,188.43,.0000324,5821982,267000.4,312310.2,426000.4,39696,7.2,60.1,.0551131
"MA",1986,2.2,3.8,18145.51,64.45321,.247678,0,.1,21,1.80007,.170999,7027.964,0,0,0,752,.0001289,190,.0000326,123,72,.0002717,27,.0001019,80,29,.0002614,.0000948,109,.0002824,47,.0001218,187.3,.0000321,5833980,265000.1,306000,386000.6,41001,7,60.7,.0602692
"MA",1987,2.26,3.2,19050,65.11881,.24,0,.1,21,1.79361,.162926,7225.436,0,0,0,689,.0001177,163,.0000278,110,67,.0002638,14,.0000551,94,36,.0003176,.0001216,80,.0002145,38,.0001019,176.04,.0000301,5855010,253999.5,295997.8,373000.4,42305,6.2,61.5,.0745931
"MA",1988,2.15,3.3,20034.65,66.17519,.2309913,0,.1,21,1.79361,.155174,7358.473,0,0,0,725,.0001231,165,.000028,106,48,.0002025,9,.000038,92,37,.0003358,.000135,86,.0002161,34,.0000854,204.22,.0000347,5888994,236999.6,273997.1,398000.7,43334,5.5,62.3,.0577074
"MI",1982,1.88,15.5,13247.02,53.53864,.5456539,.62481,.2,21,0,.243818,6712.743,1,0,0,1392,.0001527,392,.000043,225,89,.0001802,24,.0000486,178,84,.0003438,.0001622,169,.0002467,81,.0001182,496.14,.0000544,9116988,493999.8,517776.8,685000.9,61200,9.7,57.8,-.0806632
"MI",1983,1.87,14.2,13606.65,54.74844,.5243784,.6376,.2,21,0,.237244,6721.328,1,0,0,1314,.0001451,345,.0000381,200,110,.0002321,17,.0000359,163,75,.0003222,.0001482,179,.0002684,78,.0001169,492.71,.0000544,9054014,473999,505932.3,666999.5,60855,9.6,57.9,.0472308
"MI",1984,1.87,11.2,14317.58,57.24455,.5024813,.65064,.2,21,0,.243742,7007.071,1,0,0,1531,.000169,334,.0000369,191,122,.0002652,26,.0000565,174,58,.000352,.0001173,196,.0002988,74,.0001128,547.53,.0000604,9057993,460000.7,494358.8,656001.1,63470,7.5,59.5,.0715408
"MI",1985,1.84,9.9,14830.51,57.69797,.4843835,.66396,.2,21,0,.219419,7416.576,1,0,0,1545,.00017,302,.0000332,165,106,.000233,19,.0000418,168,53,.0003478,.0001097,179,.0002784,64,.0000995,423.76,.0000466,9088021,455000.1,483050.1,642999.1,67402,7.2,60.1,.0466399
"MI",1986,1.75,8.8,15278.64,58.40747,.4718865,.67755,.2,21,0,.191912,7829.523,1,0,0,1605,.0001756,334,.0000365,200,147,.0003141,30,.0000641,176,72,.0003729,.0001525,189,.0003078,64,.0001042,498.31,.0000545,9138998,467999.3,472000,613999.2,71554,7,60.7,.0387384
"MI",1987,1.65,8.2,15418,59.94806,.457258,.69141,.2,21,0,.186721,8228.915,1,0,0,1597,.0001736,333,.0000362,177,138,.0002993,17,.0000369,169,47,.000365,.0001015,180,.0002985,61,.0001012,487.37,.000053,9199998,461000.4,463001,603000.9,75706,6.2,61.5,.017627
"MI",1988,1.62,7.6,15930.7,60.24684,.4400943,.70556,.2,21,0,.175254,8430.646,1,0,0,1704,.0001844,359,.0000389,200,115,.0002614,17,.0000386,176,62,.0003982,.0001403,192,.0003205,75,.0001252,551.13,.0000596,9239979,439999.4,442000.1,599000.4,77899,5.5,62.3,.0325749
"MN",1982,2.13,7.8,13781.62,65.08144,.346062,.1,.2,19,0,.199833,7059.264,1,0,0,571,.0001382,138,.0000334,83,36,.000169,14,.0000657,65,26,.0002804,.0001122,96,.0003067,39,.0001246,164.6,.0000398,4133009,213000.1,231810.1,313000.3,29176,9.7,57.8,-.0207701
"MN",1983,2.11,8.2,13840.6,64.76499,.3325688,.1,.2,19,0,.191821,7494.075,1,0,0,555,.0001339,124,.0000299,75,40,.000197,13,.000064,76,27,.0003349,.000119,82,.0002654,32,.0001036,178.565,.0000431,4145008,203000.3,226957.3,309000.2,31063,9.6,57.9,.0203343
"MN",1984,2.06,6.3,14734.07,67.18196,.3186813,.1,.2,19,0,.178974,7644.966,1,0,0,582,.0001398,108,.0000259,61,48,.0002449,10,.000051,93,27,.0004185,.0001215,75,.0002467,21,.0000691,208.156,.00005,4163001,196000,222206.1,303999.4,31826,7.5,59.5,.0854081
"MN",1985,2.04,6,14983.05,66.9763,.3072034,.1,.2,19,0,.175171,7795.873,1,0,0,608,.000145,128,.0000305,81,45,.0002332,9,.0000466,74,29,.0003401,.0001333,74,.0002517,29,.0000986,160.486,.0000383,4192988,192999.7,217554.4,293999.6,32688,7.2,60.1,.0203599
"MN",1986,1.78,5.3,15464.4,66.76154,.2992776,.1,.2,19.67,0,.164709,8053.176,1,0,0,571,.0001355,121,.0000287,74,50,.0002551,7,.0000357,89,34,.0004178,.0001596,63,.0002351,25,.0000933,162.805,.0000386,4212996,196000,213000,267999.6,33928,7,60.7,.0350065
"MN",1987,1.81,5.4,15910,66.88555,.31625,.1,.2,21,0,.153883,8282.359,1,0,0,530,.0001248,113,.0000266,60,58,.0003069,11,.0000582,55,13,.000267,.0000631,63,.0002432,25,.0000965,141.75,.0000334,4246013,189000.2,206000.2,259000.3,35167,6.2,61.5,.0363326
"MN",1988,1.73,4,16048.12,68.89848,.3209817,.1,.2,21,0,.144433,8462.255,1,0,0,612,.0001421,112,.000026,65,44,.0002431,15,.0000829,81,27,.0004219,.0001406,79,.0002937,28,.0001041,158.077,.0000367,4307008,181000,192002.3,269000.3,36447,5.5,62.3,.0391816
"MS",1982,1.5,11,9553.699,52.20507,1.145943,30.09,.3,21,19.8753,.208189,6679.401,0,0,0,730,.0002844,134,.0000522,79,46,.0003194,11,.0000764,81,24,.0005366,.000159,102,.0005313,29,.000151,276,.0001075,2566997,144000.2,150960.1,192000,17146,9.7,57.8,-.0204202
"MS",1983,1.47,12.6,9513.762,50.87623,1.101261,30.0351,.3,21,20.031,.207436,6891.988,1,0,0,715,.0002768,116,.0000449,71,50,.0003597,11,.0000791,76,14,.0005068,.0000934,95,.0004897,22,.0001134,125.053,.0000484,2582999,139000.1,149960.2,193999.9,17802,9.6,57.9,.0013884
"MS",1984,1.42,10.8,9792.308,52.06522,1.055275,29.9804,.3,21,20,.199328,7098.54,1,0,0,679,.0002614,102,.0000393,65,40,.0002941,6,.0000441,82,27,.0005505,.0001812,76,.0003897,14,.0000718,434,.0001671,2597999,135999.8,148966.9,194999.8,18442,7.5,59.5,.0672459
"MS",1985,1.36,10.3,9797.67,54.20911,1.076631,29.9257,.3,21,19.8852,.193236,7321.097,1,0,0,662,.0002533,102,.000039,68,37,.0002761,6,.0000448,72,17,.0004866,.0001149,101,.000526,20,.0001042,379.895,.0001454,2612997,134000.2,147980.2,191999.9,19130,7.2,60.1,.0024292
"MS",1986,1.27,11.7,9996.904,54.57464,1.065387,29.8712,.3,21,18.64,.185524,7489.324,1,0,0,771,.0002938,132,.0000503,79,55,.0003929,6,.0000429,85,25,.0005782,.0001701,91,.0005291,24,.0001395,464.977,.0001772,2624002,140000,147000,171999.9,19652,7,60.7,.0061583
"MS",1987,1.23,10.2,10303,55.08791,.9603,29.8167,.3,21,17.2648,.175626,7684.952,1,0,0,756,.000288,119,.0000453,78,48,.0003453,9,.0000647,85,20,.0005903,.0001389,95,.0005689,21,.0001257,464.4,.0001769,2625000,138999.9,143999.5,167000.1,20173,6.2,61.5,.0131728
"MS",1988,1.23,8.4,10698.75,55.46129,.9242541,29.7624,.3,21,17.2648,.161036,8413.373,1,0,0,722,.0002756,106,.0000405,63,45,.0003333,7,.0000519,72,11,.0005496,.000084,84,.0004855,22,.0001272,450,.0001718,2619996,135000.1,130999.6,173000,22043,5.5,62.3,.04847
"MO",1982,1.27,9.2,12968.97,56.50999,.3466122,14.3842,.46661,21,0,.207461,7082.759,0,0,0,890,.0001801,220,.0000445,134,79,.0003224,22,.0000898,120,43,.0004437,.000159,122,.0003417,46,.0001289,337.458,.0000683,4942001,245000,270439,356999.7,35003,9.7,57.8,-.0207589
"MO",1983,1.27,9.9,13186.93,56.70601,.3330975,14.4771,.50397,21,0,.201181,7363.074,0,0,0,911,.0001836,227,.0000457,130,64,.0002723,17,.0000723,102,44,.0003843,.0001658,112,.0003155,47,.0001324,351.85,.0000709,4963009,235000.4,265442.5,354999.9,36543,9.6,57.9,.0459878
"MO",1984,1.27,7.2,13727.47,58.59958,.3191879,14.5707,.54432,21,0,.187239,7705.446,0,0,0,967,.0001934,203,.0000406,106,65,.0002863,15,.0000661,131,47,.0005028,.0001804,138,.000392,48,.0001364,337.435,.0000675,5001009,226999.7,260538.3,352000.4,38535,7.5,59.5,.071163
"MO",1985,1.35,6.4,14033.9,61.06405,.3076918,14.6649,.58789,21,0,.184188,7811.482,0,0,0,931,.0001851,200,.0000398,126,69,.000308,12,.0000536,105,34,.0004106,.000133,130,.0003779,45,.0001308,287.891,.0000572,5029007,223999.8,255724.7,344000,39284,7.2,60.1,.0251532
"MO",1986,1.37,6.1,14368.42,62.45421,.2997534,14.7597,.63496,21,0,.177048,8161.917,0,0,0,1129,.0002229,237,.0000468,138,97,.0004181,24,.0001034,138,57,.0005498,.0002271,153,.000492,52,.0001672,351.654,.0000694,5064007,232000.3,251000,311000.3,41332,7,60.7,.0272512
"MO",1987,1.4,6.3,14648,62.73597,.290461,14.8551,.6858,21,0,.163764,8500.705,0,0,0,1044,.0002046,209,.000041,126,94,.0004069,16,.0000693,98,23,.0004,.0000939,125,.0004112,38,.000125,324.708,.0000636,5102989,231000.2,245000,304000.2,43379,6.2,61.5,.0343548
"MO",1988,1.32,5.7,14871.99,62.76623,.2795582,14.9511,.7407,21,0,.151574,8864.047,0,0,0,1103,.0002146,237,.0000461,147,70,.0003139,15,.0000673,129,37,.0005708,.0001637,150,.0004792,61,.0001949,350.867,.0000682,5140993,223000.3,225998.6,313000.2,45570,5.5,62.3,.0246795
"MT",1982,1.92,8.6,12033.41,61.22449,.3464475,1.1807,3.3,19,0,.221545,8284.474,0,1,0,254,.0003155,50,.0000621,32,26,.0006341,8,.0001951,38,12,.0008979,.0002835,51,.0008793,9,.0001552,95.544,.0001187,804999.8,41000.02,42323.12,58000.02,6669,9.7,57.8,-.0431731
"MT",1983,1.86,8.8,11954.13,60.40269,.3329392,1.2232,3.3,19,0,.225487,8800.24,0,1,0,286,.0003505,77,.0000944,54,15,.000375,6,.00015,31,11,.0007476,.0002653,49,.0008448,12,.0002069,112.641,.000138,816000.4,40000,41466.7,57999.97,7181,9.6,57.9,-.0063373
"MT",1984,1.75,7.4,11906.59,62.22961,.3190362,1.2672,3.3,19,0,.223629,8974.486,0,1,0,238,.0002892,44,.0000535,24,20,.0005263,2,.0000526,41,12,.0010092,.0002954,24,.0004211,6,.0001053,91.903,.0001117,822999.8,37999.98,40627.6,56999.95,7386,7.5,59.5,-.0127104
"MT",1985,1.67,7.7,11669.49,62.02322,.3190784,1.3129,3.3,19,0,.208701,9167.078,0,1,0,223,.00027,56,.0000678,32,15,.0004054,7,.0001892,20,12,.0005024,.0003015,27,.0004821,10,.0001786,94.603,.0001145,825999.3,37000.04,39805.48,55999.98,7572,7.2,60.1,-.0510612
"MT",1986,1.54,8.1,12076.37,62.33333,.3220815,1.3602,3.3,19,0,.187299,9575.281,0,1,0,222,.0002717,30,.0000367,17,16,.0004211,2,.0000526,30,9,.0007692,.0002308,24,.00048,2,.00004,69.936,.0000856,816999.5,37999.96,39000,50000,7823,7,60.7,.0265266
"MT",1987,1.46,7.4,12291,62.54181,.3238,1.4092,3.3,20.33,0,.175665,9980.224,0,1,0,234,.0002892,54,.0000667,32,17,.0004722,3,.0000833,26,12,.0007027,.0003243,35,.0007292,10,.0002083,77.865,.0000962,808999.9,36000.02,37000.14,47999.98,8074,6.2,61.5,-.0622298
"MT",1988,1.44,6.8,12383.06,62.91946,.3229105,1.4599,3.3,21,0,.16292,10109.33,0,1,0,198,.000246,49,.0000609,35,20,.0005714,2,.0000571,13,3,.0003824,.0000882,20,.0004348,7,.0001522,73.125,.0000908,804999.2,34999.98,34000.26,45999.96,8138,5.5,62.3,-.0042574
"NE",1982,1.59,6.1,13192.12,63.65979,.375895,.6566,.42641,20,.03774,.22048,7191.827,1,0,0,261,.0001642,46,.0000289,25,14,.0001818,4,.0000519,34,9,.0003876,.0001026,31,.0002605,9,.0000756,90.449,.0000569,1589999,77000.08,87722.63,119001.9,11435,9.7,57.8,-.0392983
"NE",1983,1.51,5.7,12919.72,63.59761,.3612385,.6868,.44026,20,.03759,.212074,7226.798,1,0,0,255,.0001598,67,.000042,29,17,.0002297,6,.0000811,38,19,.0004433,.0002216,42,.000359,16,.0001368,70.904,.0000444,1596004,73999.91,85724.75,117001.4,11534,9.6,57.9,-.0244699
"NE",1984,1.45,4.4,13540.66,64.54623,.3461539,.7185,.45456,20,.03738,.192238,26148.27,1,0,0,285,.0001776,44,.0000274,23,28,.0003944,6,.0000845,27,11,.0003223,.0001313,37,.0003217,9,.0000783,63.36,.0000395,1605001,71000.03,83772.38,114999.7,41968,7.5,59.5,.0783498
"NE",1985,1.43,5.5,13735.17,64.96164,.3694386,.7516,.46932,21,.03692,.194537,7505.625,1,0,0,237,.0001476,48,.0000299,30,18,.0002609,6,.000087,28,10,.000342,.0001222,28,.0002522,14,.0001261,60.515,.0000377,1605996,68999.88,81864.46,111001,12054,7.2,60.1,.0184424
"NE",1986,1.29,5,13971.1,65.47922,.4643963,.7862,.48457,21,.03711,.188938,7867.966,1,0,0,290,.0001815,68,.0000426,40,23,.0003239,4,.0000563,40,15,.0005,.0001875,46,.0004555,24,.0002376,78.75,.0000493,1597999,70999.93,80000,100999,12573,7,60.7,.0077134
"NE",1987,1.26,4.9,14300,65.31303,.466875,.8225,.5003,21,.0372,.180938,8212.686,1,0,0,297,.0001863,54,.0000339,36,35,.000493,2,.0000282,35,12,.0004545,.0001558,37,.0003814,16,.0001649,67.892,.0000426,1593998,70999.96,76999.23,97000.84,13091,6.2,61.5,-.0277117
"NE",1988,1.24,3.6,14219.44,66.35828,.4980751,.8604,.51656,21,.0372,.162372,8368.896,1,0,0,261,.0001629,55,.0000343,35,22,.0003188,4,.000058,33,11,.0004648,.0001549,23,.0002323,10,.000101,90.514,.0000565,1602003,68999.91,70999.8,99001.38,13407,5.5,62.3,.0314361
"NV",1982,4.9,10.1,14914.08,65.95744,.1610979,2.0229,6.39702,21,0,.192366,7304.109,0,0,0,280,.0003189,53,.0000604,34,9,.0002143,1,.0000238,39,16,.0009286,.000381,50,.0007813,12,.0001875,96.342,.0001097,877998.9,41999.95,42000,64000,6413,9.7,57.8,-.0297069
"NV",1983,4.75,9.8,14863.53,65.27571,.1999713,2.0345,6.15944,21,0,.191312,7661.085,1,1,1,253,.0002821,41,.0000457,25,12,.0002927,1,.0000244,32,8,.0007619,.0001905,27,.0004219,8,.000125,57.919,.0000646,897000.9,40999.99,42000,64000.76,6872,9.6,57.9,.0372155
"NV",1984,4.65,7.8,15214.29,66.76301,.2225275,2.0461,5.9307,21,0,.192364,7995.649,1,1,1,249,.0002715,27,.0000294,19,13,.0003333,3,.0000769,24,5,.0005714,.000119,32,.0004923,7,.0001077,59.231,.0000646,916998.7,39000.04,42000,64999.7,7332,7.5,59.5,.0521997
"NV",1985,4.4,8,15564.62,66.01942,.2145127,2.0578,5.71044,21,0,.165754,8083.322,1,1,1,259,.0002767,44,.000047,24,11,.0002821,3,.0000769,20,8,.0004762,.0001905,38,.0005846,8,.0001231,67.328,.0000719,936001.3,39000.04,42000,64999.49,7566,7.2,60.1,.056431
"NV",1986,4.12,6,15976.26,67.84261,.2089783,2.0696,5.49837,21,0,.160077,8253.348,1,1,1,233,.000241,45,.0000465,28,12,.0002927,2,.0000488,30,9,.0007143,.0002143,32,.0005161,13,.0002097,69.908,.0000723,967001.6,40999.99,42000,61999.88,7981,7,60.7,.05619
"NV",1987,4.01,6.3,16412,68.2353,.2025,2.0814,5.29417,21,0,.155419,8337.645,1,1,1,262,.0002602,45,.0000447,26,13,.0003095,3,.0000714,22,5,.0005116,.0001163,30,.0004839,10,.0001613,68.771,.0000683,1006999,41999.97,42999.83,62000.12,8396,6.2,61.5,.0713571
"NV",1988,3.89,5.2,16853.71,69.25,.1948989,2.0933,5.09756,21,0,.136147,8528.455,1,1,1,286,.0002713,46,.0000436,32,8,.0001951,1,.0000244,24,7,.0005854,.0001707,42,.0006364,9,.0001364,75.351,.0000715,1054001,40999.99,40999.71,66000.38,8989,5.5,62.3,.10492
"NH",1982,4.57,7.4,13834.13,63.09859,.4832936,.1,.3,20,.10833,.194978,7353.357,0,0,0,173,.0001825,34,.0000359,28,16,.0003404,5,.0001064,26,6,.0004777,.0001102,30,.0004225,14,.0001972,79.725,.0000841,948002.3,46999.94,54426.32,70999.2,6971,9.7,57.8,.0239287
"NH",1983,4.6,5.4,14662.84,65.60332,.5676606,.1,.3,20,.10428,.190771,7488.016,1,0,0,191,.0001992,35,.0000365,29,21,.0004468,6,.0001277,35,7,.0006414,.0001283,26,.0003662,9,.0001268,63.049,.0000657,958999.1,46999.95,54569.18,70999.45,7181,9.6,57.9,.0877803
"NH",1984,4.58,4.3,15451.65,67.61517,.7417582,.1,.3,20,.17249,.182961,7458.077,1,0,0,192,.0001963,23,.0000235,12,11,.0002391,1,.0000217,24,3,.0004387,.0000548,36,.000507,6,.0000845,70.519,.0000721,978000.1,46000.09,54712.41,71000.31,7294,7.5,59.5,.0829
"NH",1985,4.36,3.9,16280.72,68.2959,.7150424,.1,.3,20,.16032,.177788,7553.116,1,0,0,191,.0001914,24,.000024,18,12,.0002609,4,.000087,21,3,.0003828,.0000547,36,.000507,4,.0000563,72.6,.0000727,997998.8,45999.92,54856.02,71000.31,7538,7.2,60.1,.0769
"NH",1986,4.05,2.8,17132.1,69.96149,.6965944,.1,.3,20.5,.15579,.172651,8133.395,1,0,0,172,.0001675,27,.0000263,18,16,.0003265,3,.0000612,26,9,.0004727,.0001636,17,.0002576,3,.0000455,48.037,.0000468,1027001,48999.94,55000,65998.91,8353,7,60.7,.0877444
"NH",1987,3.9,2.5,17906,71.26865,.675,.1,.3,21,.15137,.167907,8672.647,1,0,0,179,.0001693,25,.0000237,18,23,.0004694,2,.0000408,16,5,.0002909,.0000909,28,.0004242,7,.0001061,53.2,.0000503,1057001,48999.97,54999.83,66000.38,9167,6.2,61.5,.1423609
"NH",1988,3.79,2.4,18704.52,70.83839,.6496632,.1,.3,21,.15137,.15675,8762.188,1,0,0,166,.000153,22,.0000203,11,13,.0002708,0,0,28,4,.000549,.0000784,28,.0003889,7,.0000972,43.716,.0000403,1085003,48000.06,50999.96,71999.79,9507,5.5,62.3,.0498003
"NJ",1982,2.24,9,16665.87,57.85789,.0894988,.1,.1,19,2.81746,.175159,6971.983,0,0,0,1061,.0001428,263,.0000354,157,73,.0001802,16,.0000395,143,55,.000384,.0001477,147,.0003006,71,.0001452,270.675,.0000364,7430024,404999.8,372372.8,489005.7,51802,9.7,57.8,.0095634
"NJ",1983,2.24,7.8,17275.23,58.57415,.0860092,.1,.1,21,2.79995,.168256,6992.092,0,0,0,932,.0001248,210,.0000281,127,59,.0001501,16,.0000407,109,44,.0002942,.0001188,138,.0002799,59,.0001197,232,.0000311,7468009,393000.6,370515.8,492998,52217,9.6,57.9,.0659496
"NJ",1984,2.18,6.2,18065.93,61.51868,.0824176,.1,.1,21,2.78485,.160739,6959.141,0,0,0,922,.0001227,152,.0000202,88,64,.0001675,12,.0000314,98,26,.0002658,.0000705,121,.000242,33,.000066,211.628,.0000282,7517020,382000.6,368668,500000,52312,7.5,59.5,.0668847
"NJ",1985,2.15,5.7,18662.08,61.69705,.0794492,.1,.1,21,2.76828,.149365,7023.037,0,0,0,964,.0001275,171,.0000226,109,54,.0001444,9,.0000241,103,34,.0002808,.0000927,119,.0002371,37,.0000737,203.463,.0000269,7561971,374000.1,366829.4,502003.8,53108,7.2,60.1,.040984
"NJ",1986,2.06,5,19421.05,62.40753,.0773994,.1,.1,21,2.81967,.142315,7224.902,0,0,0,1039,.0001363,182,.0000239,107,76,.0002099,9,.0000249,95,28,.0002603,.0000767,128,.0002741,39,.0000835,205.063,.0000269,7625017,361999.6,365000,466999.9,55090,7,60.7,.059522
"NJ",1987,2.01,4,20313,63.4122,.075,.1,.1,21,2.8024,.129432,7438.867,0,0,0,1023,.0001333,171,.0000223,117,65,.0001857,14,.00004,98,22,.0002761,.000062,123,.0002703,32,.0000703,204.244,.0000266,7672002,350000.5,354995.3,454999.4,57071,6.2,61.5,.0939028
"NJ",1988,1.84,3.8,21168.43,63.39523,.0721848,.1,.1,21,2.8024,.116541,7598.872,0,0,0,1051,.0001361,200,.0000259,135,67,.000203,11,.0000333,112,29,.0003265,.0000845,137,.0002872,55,.0001153,206.967,.0000268,7721015,330000.5,343000.7,477002.9,58671,5.5,62.3,.0633851
"NM",1982,1.58,9.2,11347.25,55.88843,.2416468,9.8128,2.22286,21,1.1922,.208908,8662.289,0,0,0,577,.0004218,117,.0000855,60,37,.0004868,11,.0001447,66,20,.0008556,.0002593,91,.0008922,19,.0001863,163.95,.0001198,1367999,76000.02,77136.49,102000,11850,9.7,57.8,-.0281868
"NM",1983,1.66,10.1,11288.99,55.14113,.3483372,9.6723,2.23438,21,1.3813,.208833,8329.537,0,0,0,531,.0003787,83,.0000592,44,28,.0003784,4,.0000541,59,10,.0007677,.0001301,66,.0006346,16,.0001538,137.31,.0000979,1401999,74000.08,76850.78,104000.1,11678,9.6,57.9,.003581
"NM",1984,1.38,7.5,11539.56,57.46785,.4450549,9.5338,2.24596,21,1.2093,.208642,8718.084,0,0,0,497,.0003485,96,.0000673,45,18,.00025,4,.0000556,45,12,.0005877,.0001567,85,.0008095,19,.000181,121.74,.0000854,1426001,72000,76566.14,105000,12432,7.5,59.5,.0386681
"NM",1985,1.41,8.8,11861.23,57.10117,.4290254,9.3973,2.2576,21,1.0869,.201913,9151.046,0,0,0,535,.000369,115,.0000793,58,40,.0005634,14,.0001972,63,19,.0008259,.0002491,79,.0007596,25,.0002404,132.29,.0000912,1449998,71000.03,76282.55,104000.1,13269,7.2,60.1,.0159569
"NM",1986,1.31,9.2,11825.59,58.33333,.4179567,9.2627,2.2693,21,1.0818,.222498,9596.345,0,0,0,499,.0003374,88,.0000595,48,32,.0004444,10,.0001389,59,17,.0007763,.0002237,69,.0007188,23,.0002396,123,.0000832,1479001,72000.07,76000,96000,14193,7,60.7,-.0373823
"NM",1987,1.24,8.9,11898,57.96831,.405,9.13,2.28106,21,1.0667,.220807,10077.34,0,0,0,568,.0003787,97,.0000647,55,33,.0004583,5,.0000694,53,10,.0007162,.0001351,78,.0008298,20,.0002128,160.35,.0001069,1499999,72000.05,73999.61,94000.02,15116,6.2,61.5,-.0541545
"NM",1988,1.25,7.8,12019.25,58.57934,.3897979,8.9993,2.29288,21,1.0667,.220724,10141.35,0,0,0,487,.0003232,92,.000061,51,31,.0004429,18,.0002571,45,14,.0006429,.0002,57,.0006064,12,.0001277,161.47,.0001071,1506998,70000.02,69999.69,93999.99,15283,5.5,62.3,.013597
"NY",1982,2.16,8.6,15158.71,54.31521,.1193317,.1,.1,19,.2084,.167705,4576.346,1,0,0,2162,.0001229,477,.0000271,272,129,.0001413,29,.0000318,288,131,.0003122,.000142,298,.0002445,108,.0000886,546.86,.0000311,1.76e+07,913002.9,922604.6,1218998,80484,9.7,57.8,.0020746
"NY",1983,2.06,8.6,15573.39,54.35151,.1328555,.1,.1,19,.201,.163121,4737.511,1,0,0,2077,.0001174,436,.0000247,260,121,.0001366,23,.000026,269,96,.0002955,.0001054,248,.0002024,87,.000071,495.69,.000028,1.77e+07,885999.1,910465.9,1225000,83783,9.6,57.9,.0627833
"NY",1984,2.05,7.2,16335.17,55.05173,.136,.1,.1,19,.1774,.161692,4917.594,1,0,0,2060,.0001161,360,.0000203,214,108,.0001259,18,.000021,241,80,.0002682,.000089,246,.000201,75,.0000613,443.91,.000025,1.77e+07,858000.9,898487,1224002,87268,7.5,59.5,.0563927
"NY",1985,1.94,6.5,16708.69,56.74925,.1311017,.1,.1,19.16,.1838,.155274,5090.125,1,0,0,2006,.0001128,376,.0000211,211,126,.0001504,29,.0000346,202,75,.0002278,.0000846,263,.0002166,91,.000075,424.42,.0000239,1.78e+07,838000,886665.8,1214001,90518,7.2,60.1,.0392643
"NY",1986,1.82,6.3,17326.11,57.38864,.1277193,.1,.1,21,.1798,.155271,5296.995,1,0,0,2122,.0001192,381,.0000214,236,146,.0001763,24,.000029,232,73,.0002651,.0000834,257,.0002319,85,.0000767,430.18,.0000242,1.78e+07,827997.6,875000,1108002,94260,7,60.7,.0514966
"NY",1987,1.78,4.9,18005,58.67354,.12376,.1,.1,21,.1795,.151975,5498.026,1,0,0,2333,.0001309,397,.0000223,236,157,.0001972,34,.0000427,235,61,.0002768,.0000718,304,.0002831,97,.0000903,479.83,.0000269,1.78e+07,796000.7,848988.4,1074000,98002,6.2,61.5,.0284298
"NY",1988,1.71,4.2,18580.37,59.17125,.1191145,.1,.1,21,.1795,.148806,5789.922,1,0,0,2255,.0001259,391,.0000218,235,126,.0001684,17,.0000227,227,82,.0002827,.0001021,281,.0002467,95,.0000834,418.58,.0000234,1.79e+07,748000.9,802999.8,1138998,103692,5.5,62.3,.0497645
"NC",1982,1.64,9,11078.76,60.30207,1.431981,22.3779,.42641,21,27.6293,.210607,7164.226,1,0,0,1303,.0002166,243,.0000404,161,99,.00033,19,.0000633,169,52,.0004751,.0001462,175,.0003716,51,.0001083,683.82,.0001137,6016003,300000,355732.3,470999.8,43100,9.7,57.8,-.0129525
"NC",1983,1.56,8.9,11455.28,59.55457,1.376147,22.1698,.44026,21,26.7461,.20726,7411.233,1,0,0,1234,.0002031,212,.0000349,136,109,.000372,19,.0000648,143,44,.0004051,.0001246,177,.0003766,55,.000117,341.62,.0000562,6076992,292999.7,353018.3,469999.7,45038,9.6,57.9,.0797451
"NC",1984,1.53,6.7,12089.01,61.85477,1.318681,21.9637,.45456,21,26.1109,.199802,7814.157,1,0,0,1450,.0002352,227,.0000368,137,96,.0003333,11,.0000382,150,34,.0004282,.0000971,213,.0004561,68,.0001456,373.14,.0000605,6165989,288000.3,350325.1,466999.8,48182,7.5,59.5,.0825915
"NC",1985,1.5,5.4,12353.81,63.17481,1.271186,21.7594,.46932,21,25.5795,.194195,7981.28,1,0,0,1482,.0002369,229,.0000366,150,103,.0003576,12,.0000417,172,47,.0004947,.0001352,234,.0005087,63,.000137,345.33,.0000552,6255012,287999.9,347652.3,459999.7,49923,7.2,60.1,.0306999
"NC",1986,1.45,5.3,12839.01,63.58064,1.23839,21.5571,.48457,21,26.0272,.189738,8254.921,1,0,0,1647,.0002601,251,.0000396,171,117,.0003786,20,.0000647,174,44,.0005043,.0001275,228,.000534,66,.0001546,409.68,.0000647,6331012,308999.8,345000,426999.8,52262,7,60.7,.0483391
"NC",1987,1.4,4.5,13325,65.08531,1.2,21.3566,.5003,21,25.6944,.185425,8513.946,1,0,0,1584,.000247,239,.0000373,158,126,.0004078,15,.0000485,154,45,.0004516,.000132,228,.0005416,64,.000152,353.44,.0000551,6413007,309000,341002.2,420999.8,54600,6.2,61.5,.0777139
"NC",1988,1.34,3.6,13767.08,65.60706,1.154957,21.158,.51656,21,25.6944,.175695,8929.41,1,0,0,1573,.0002424,206,.0000317,141,102,.00034,14,.0000467,161,36,.0005079,.0001136,186,.0004346,43,.0001005,373.83,.0000576,6489007,300000,316997.8,428000.4,57943,5.5,62.3,.0413293
"ND",1982,2.12,5.9,12553.7,62.00417,.4295943,.5601,.18277,21,0,.228972,7815.473,1,0,0,148,.0002202,34,.0000506,20,14,.0004242,5,.0001515,27,6,.0006951,.0001545,23,.0004182,7,.0001273,78.75,.0001172,672000.3,33000.04,38843.15,54999.98,5252,9.7,57.8,-.04746
"ND",1983,1.98,5.6,12389.91,61.80698,.4128441,.5928,.17472,21,0,.221059,7875.196,1,0,0,116,.0001703,30,.0000441,23,11,.0003548,1,.0000323,9,4,.0002378,.0001057,24,.0004444,9,.0001667,72,.0001057,680998.9,30999.97,37844.51,54000.05,5363,9.6,57.9,-.0663469
"ND",1984,1.85,5.1,12690.11,63.39468,.3956044,.6274,.16702,21,0,.209677,7826.761,1,0,0,100,.0001456,15,.0000218,9,5,.0001667,1,.0000333,12,2,.0003255,.0000542,17,.0003208,5,.0000943,58,.0000844,687001.9,29999.94,36871.54,52999.95,5377,7.5,59.5,.0356677
"ND",1985,1.85,5.9,12661.02,64.47639,.3813559,.6641,.15966,21,0,.201548,7864.242,1,0,0,90,.0001314,29,.0000423,23,6,.0002069,2,.000069,12,6,.000334,.000167,15,.0003,11,.00022,36.14,.0000528,684999.3,28999.94,35923.59,50000,5387,7.2,60.1,-.0434199
"ND",1986,1.59,6.3,12817.34,64.27104,.371517,.7029,.15263,21,0,.194245,8150.198,1,0,0,100,.0001473,13,.0000191,8,7,.0002333,2,.0000667,9,2,.0002571,.0000571,12,.0002667,1,.0000222,31.09,.0000458,679001.9,30000.04,35000,44999.95,5534,7,60.7,-.0250731
"ND",1987,1.65,5.2,12971,65.08264,.36,.7439,.1459,21,0,.185437,8453.891,1,0,0,101,.0001503,29,.0000432,20,6,.0002069,2,.000069,10,4,.000303,.0001212,13,.0003023,7,.0001628,40.38,.0000601,671998.3,28999.94,33000.03,42999.94,5681,6.2,61.5,-.0797524
"ND",1988,1.65,4.8,12351.3,65.56017,.346487,.7874,.13948,21,0,.171434,8643.176,1,0,0,104,.0001559,18,.000027,16,6,.0002143,0,0,12,4,.0004,.0001333,19,.0004524,6,.0001429,37.13,.0000557,667000.2,27999.96,30000,42000,5765,5.5,62.3,-.0517941
"OH",1982,1.27,12.5,13039.38,55.61218,.4295943,1.5087,.2,21,11.602,.225714,6659.627,0,0,0,1607,.0001492,421,.0000391,271,130,.0002355,19,.0000344,221,88,.0003794,.0001511,223,.0002844,101,.0001288,643.13,.0000597,1.08e+07,552000.6,582422,783999.4,71751,9.7,57.8,-.0544071
"OH",1983,1.24,12.2,13236.24,55.74505,.4128441,1.5662,.2,21,11.6409,.199801,6818.204,0,1,0,1582,.0001473,383,.0000357,264,129,.0002434,26,.0000491,201,74,.0003535,.0001301,231,.0003016,95,.000124,744.28,.0000693,1.07e+07,530000.5,568580.9,765998.9,73214,9.6,57.9,.0217185
"OH",1984,1.16,9.4,13784.62,57.32587,.3956044,1.6258,.2,21,9.311,.194478,6973.471,0,1,0,1646,.0001533,408,.000038,258,131,.0002544,23,.0000447,217,88,.0003909,.0001585,226,.0003009,91,.0001212,877.44,.0000817,1.07e+07,514999.9,555068.7,751000.2,74895,7.5,59.5,.0647631
"OH",1985,1.18,8.9,13992.58,57.96384,.3813559,1.6878,.2,21,9.3075,.180359,7031.749,0,1,0,1646,.0001532,357,.0000332,222,113,.0002229,18,.0000355,207,75,.000382,.0001384,218,.0002978,85,.0001161,897.92,.0000836,1.07e+07,506999.3,541877.6,732000.5,75549,7.2,60.1,.0193256
"OH",1986,1.17,8.1,14279.67,59.31869,.371517,1.7521,.2,21,9.3041,.174852,7196.974,0,1,0,1673,.0001557,407,.0000379,267,129,.0002452,25,.0000475,205,82,.0003875,.000155,285,.0004118,104,.0001503,843.84,.0000785,1.07e+07,526000.3,529000,691999.5,77353,7,60.7,.0233446
"OH",1987,1.14,7,14598,59.85544,.36,1.8188,.2,21,9.273,.171218,7340.248,0,0,0,1772,.0001643,383,.0000355,249,155,.0002992,18,.0000347,204,85,.0003938,.0001641,229,.0003383,76,.0001123,684.69,.0000635,1.08e+07,517999.7,518003.2,677000.1,79157,6.2,61.5,.0255821
"OH",1988,1.06,6,14952.84,60.74074,.346487,1.8881,.2,21,9.273,.159994,7553.218,0,0,0,1763,.0001624,379,.0000349,230,130,.000261,16,.0000321,215,61,.0004352,.0001235,204,.000304,91,.0001356,567.84,.0000523,1.09e+07,498000.3,494003,670999.7,81990,5.5,62.3,.0404018
"OK",1982,1.56,5.7,13552.51,59.61702,.8663484,26.4223,.56011,21,0,.207455,9288.461,0,0,0,1054,.0003262,234,.0000724,119,72,.0004675,15,.0000974,130,42,.0007604,.0002457,164,.0006777,52,.0002149,321.11,.0000994,3230998,154000.2,170964.8,242000,30011,9.7,57.8,.0138726
"OK",1983,1.46,9,12784.4,58.44371,.8325688,26.4334,.59282,21,0,.202159,8929.328,0,0,0,848,.0002561,152,.0000459,90,43,.0002848,11,.0000728,88,26,.0005178,.000153,103,.0004204,23,.0000939,236.37,.0000714,3311000,151000.1,169964.8,245000.1,29565,9.6,57.9,-.0608553
"OK",1984,1.41,7,12881.32,59.63681,.9473901,26.4446,.62744,21,0,.197189,9359.799,0,0,0,797,.0002408,150,.0000453,83,47,.0003219,15,.0001027,79,21,.0004675,.0001243,89,.0003724,24,.0001004,217.62,.0000657,3310007,145999.9,168970.8,239000,30981,7.5,59.5,.0082761
"OK",1985,1.29,7.1,12904.66,60.39069,.9613348,26.4557,.66408,21,0,.187404,9445.915,0,0,0,744,.0002254,124,.0000376,77,47,.0003287,8,.0000559,82,24,.0004881,.0001429,84,.0003652,27,.0001174,204.18,.0000619,3301004,143000.1,167982.5,230000.2,31181,7.2,60.1,-.0212907
"OK",1986,1.17,8.2,12656.35,60.89293,.9365326,26.4669,.70286,21,0,.180598,9496.078,0,0,0,699,.0002114,127,.0000384,71,58,.0003816,19,.000125,59,19,.0003533,.0001138,97,.0004597,22,.0001043,177.35,.0000536,3305996,152000,167000,210999.8,31394,7,60.7,-.0454976
"OK",1987,1.09,7.4,12607,60.3082,.9075,26.478,.74391,21,0,.171738,9659.524,0,0,0,597,.0001825,97,.0000296,59,40,.0002685,15,.0001007,55,18,.0003437,.0001125,65,.0003202,19,.0000936,147.88,.0000452,3272004,149000.2,160000,203000,31606,6.2,61.5,-.0785221
"OK",1988,1.06,6.7,12822.91,59.59765,.873436,26.4892,.78735,21,0,.16158,9990.114,0,0,0,634,.0001956,102,.0000315,71,49,.0003403,8,.0000556,73,23,.0004932,.0001554,76,.0003838,17,.0000859,166.34,.0000513,3242005,143999.9,148001,198000.2,32388,5.5,62.3,.013908
"OR",1982,1.68,11.5,12626.49,58.4623,.2251909,1.0237,2.8,21,.1929,.187434,7262.638,0,0,0,518,.0001941,90,.0000337,59,30,.0002439,8,.000065,66,14,.000512,.0001086,64,.0003497,24,.0001311,163.38,.0000612,2669003,123000.2,128897,182999.9,19384,9.7,57.8,-.0712934
"OR",1983,1.64,10.8,12925.46,59.56175,.2164106,1.0357,2.8,21,.1936,.177793,7728.198,0,0,0,550,.0002068,92,.0000346,55,33,.0002797,8,.0000678,64,11,.0005055,.0000869,79,.0004438,21,.000118,165.05,.000062,2659999,118000,126612.7,178000.1,20557,9.6,57.9,.0343776
"OR",1984,1.58,9.4,13246.15,59.76273,.2073736,1.0479,2.8,21,.1925,.174122,7826.238,0,1,1,572,.0002138,78,.0000291,61,47,.0004052,8,.000069,62,10,.0004985,.0000804,83,.000477,16,.000092,153.78,.0000575,2675998,116000.1,124369,174000.2,20943,7.5,59.5,.0541632
"OR",1985,1.5,8.8,13376.06,59.29946,.1999047,1.0603,2.8,21,.2006,.165584,7985.869,0,1,1,559,.000208,74,.0000275,50,39,.0003362,10,.0000862,53,11,.0004338,.00009,79,.0004675,17,.0001006,150.37,.000056,2686996,116000,122165,168999.9,21458,7.2,60.1,.0173024
"OR",1986,1.43,8.5,13649.12,60.55447,.1947472,1.0728,2.8,21,.2039,.165853,8288.321,0,1,1,619,.0002291,69,.0000255,40,48,.0003934,4,.0000328,60,11,.0005,.0000917,69,.0004157,15,.0000904,176.43,.0000653,2701995,121999.9,120000,165999.9,22395,7,60.7,.0331698
"OR",1987,1.4,6.2,14019,62.47601,.18871,1.0854,2.8,21,.2023,.159338,8565.328,0,1,1,620,.0002276,57,.0000209,44,53,.0004492,6,.0000508,73,12,.0006186,.0001017,74,.0004568,17,.0001049,144.54,.0000531,2724006,117999.9,118000.8,162000,23332,6.2,61.5,.0226403
"OR",1988,1.38,5.8,14326.28,63.25954,.1816266,1.0982,2.8,21,.2023,.151539,9108.771,0,1,1,677,.0002447,95,.0000343,57,57,.0005044,10,.0000885,83,17,.0007094,.0001453,68,.0004277,17,.0001069,153.9,.0000556,2767004,112999.9,117000.3,159000,25204,5.5,62.3,.0578641
"PA",1982,1.36,10.9,13651.55,53.45506,.2863962,.1,.23331,21,10.7631,.183376,6003.269,1,0,0,1819,.0001531,432,.0000364,234,126,.0002118,16,.0000269,216,80,.000343,.000127,282,.0003333,110,.00013,581.09,.0000489,1.19e+07,594999.2,629687.4,846000.8,71313,9.7,57.8,-.0358291
"PA",1983,1.32,11.8,13706.42,52.90976,.2752294,.1,.25198,21,10.7036,.176879,6080.384,1,0,0,1721,.0001447,397,.0000334,237,109,.0001892,14,.0000243,211,68,.0003417,.0001101,253,.0003037,102,.0001224,533.42,.0000449,1.19e+07,576000.3,617411.1,833001.4,72302,9.6,57.9,.0207041
"PA",1984,1.31,9.1,13987.91,54.15987,.2637362,.1,.27216,21,10.9418,.170683,6250.283,1,0,0,1727,.0001453,359,.0000302,239,110,.0001975,15,.0000269,186,73,.0003072,.0001206,236,.0002892,90,.0001103,497.13,.0000418,1.19e+07,556998.7,605374.3,815999.1,74297,7.5,59.5,.0433327
"PA",1985,1.29,8,14356.99,55.23685,.2542373,.1,.29395,21,10.9727,.166263,6363.636,1,0,0,1771,.0001494,409,.0000345,253,108,.0001996,14,.0000259,178,62,.0002999,.0001045,261,.0003291,110,.0001387,567.76,.0000479,1.19e+07,541000.9,593572.1,792999.7,75428,7.2,60.1,.0206657
"PA",1986,1.27,6.8,14713.11,56.80441,.247678,.1,.31748,21,10.7747,.161688,6476.124,1,0,0,1894,.0001592,438,.0000368,291,138,.0002518,31,.0000566,213,67,.000366,.0001151,263,.0003578,115,.0001565,618.52,.000052,1.19e+07,547999.6,582000,735000.3,77027,7,60.7,.0337199
"PA",1987,1.23,5.7,15200,57.35642,.24,.1,.3429,21,10.8076,.156139,6587.292,1,0,0,1987,.0001665,442,.000037,242,111,.0002071,18,.0000336,202,74,.0003569,.0001307,265,.0003701,113,.0001578,647.83,.0000543,1.19e+07,535998.9,566000.8,715999.5,78626,6.2,61.5,.0480365
"PA",1988,1.14,5.1,15623.68,58.54651,.2309913,.1,.37035,21,10.8076,.149836,6769.258,1,0,0,1931,.0001609,405,.0000337,252,110,.0002148,13,.0000254,215,67,.0004057,.0001264,245,.0003342,93,.0001269,574.01,.0000478,1.20e+07,511999.4,530000.5,732999.6,81238,5.5,62.3,.0433613
"RI",1982,2.09,10.2,13326.97,58.60656,.1742243,.1,.1,20,1.6954,.196667,6192.878,1,0,0,105,.0001101,36,.0000377,20,9,.0001957,4,.000087,18,10,.0003221,.0001789,18,.0002432,6,.0000811,31.8,.0000333,953999.1,46000.04,55891.46,74000.07,5908,9.7,57.8,-.025727
"RI",1983,2.13,8.3,13759.17,59.18367,.1674312,.1,.1,20,1.6946,.1904,6290.825,1,0,0,100,.0001046,26,.0000272,22,6,.0001364,0,0,12,3,.0002186,.0000547,16,.0002162,7,.0000946,27.53,.0000288,955995.5,43999.88,54892.11,74000.08,6014,9.6,57.9,.0459322
"RI",1984,2.06,5.3,14312.09,62.5337,.1604396,.1,.1,20.5,1.4709,.181669,5509.383,1,0,0,79,.0000821,24,.0000249,17,5,.0001163,1,.0000233,10,5,.0001855,.0000927,16,.0002222,5,.0000694,24.6,.0000256,961995.1,43000.03,53910.63,72000.07,5300,7.5,59.5,.0740321
"RI",1985,2.07,4.9,14595.34,63.63636,.154661,.1,.1,21,1.6787,.177523,6015.479,1,0,0,109,.0001126,32,.0000331,17,9,.0002143,1,.0000238,13,7,.0002455,.0001322,28,.0004,13,.0001857,30.7,.0000317,968002.7,41999.95,52946.7,70000,5823,7.2,60.1,.0415732
"RI",1986,1.87,4,15109.39,64.72148,.1506708,.1,.1,21,1.756,.172161,6064.592,1,0,0,124,.0001272,25,.0000256,17,7,.0001591,1,.0000227,17,3,.0003269,.0000577,14,.0002222,4,.0000635,47.14,.0000484,975003.8,43999.98,52000,63000.06,5913,7,60.7,.0610067
"RI",1987,1.88,3.8,15633,65.48557,.146,.1,.1,21,1.7444,.167711,6088.211,1,0,0,113,.0001146,31,.0000314,23,5,.0001163,1,.0000233,15,4,.0002941,.0000784,24,.0003934,13,.0002131,42.55,.0000432,986003.9,43000.03,50999.94,60999.94,6003,6.2,61.5,.0535684
"RI",1988,1.93,3.1,16257.94,66.27605,.1405197,.1,.1,21,1.7444,.158109,5894.251,1,0,0,125,.0001259,30,.0000302,21,8,.0001951,3,.0000732,13,8,.0002826,.0001739,13,.0002,8,.0001231,37.5,.0000378,993001.4,40999.99,45999.95,65000,5853,5.5,62.3,.0419318
"SC",1982,1.88,10.8,10393.79,57.82402,2.062052,25.1358,.4,21,0,.211843,7508.355,0,0,0,730,.0002263,140,.0000434,95,62,.0003605,15,.0000872,77,23,.0003936,.0001176,101,.0003885,28,.0001077,219.6,.0000681,3226006,172000.1,195651.4,259999.7,24222,9.7,57.8,-.0232433
"SC",1983,1.93,10,10693.81,56.51431,1.981651,24.8583,.4,21,0,.208084,7666.37,0,1,1,844,.0002591,175,.0000537,100,58,.0003494,12,.0000723,88,26,.0004531,.0001339,131,.0005058,42,.0001622,277.13,.0000851,3257996,165999.8,194223,258999.8,24977,9.6,57.9,.059818
"SC",1984,1.91,7.1,11160.44,57.83943,1.898901,24.5839,.4,21,0,.198571,7865.243,0,1,1,916,.0002774,142,.000043,95,55,.0003395,7,.0000432,82,21,.0004253,.0001089,130,.0004981,36,.0001379,320.7,.0000971,3301996,162000.1,192805,261000.2,25971,7.5,59.5,.0767706
"SC",1985,1.9,6.8,11369.7,59.90936,1.830508,24.3125,.4,21,0,.193221,7970.419,0,1,1,951,.0002841,175,.0000523,102,56,.00035,7,.0000437,111,35,.0005799,.0001829,144,.0005647,37,.0001451,400.05,.0001195,3347001,160000,191397.4,255000,26677,7.2,60.1,.0188054
"SC",1986,1.77,6.2,11674.92,60.8554,1.783282,24.0442,.4,21,0,.188851,8414.968,0,1,1,1059,.0003132,192,.0000568,119,67,.0003964,13,.0000769,95,24,.0005,.0001263,153,.0006595,49,.0002112,485.39,.0001436,3380999,168999.9,190000,231999.9,28451,7,60.7,.0416201
"SC",1987,1.69,5.6,12027,61.76353,1.728,23.7788,.4,21,0,.18535,8824.518,0,1,1,1086,.0003171,197,.0000575,124,73,.0004294,11,.0000647,131,40,.0007005,.0002139,141,.0006157,46,.0002009,377.77,.0001103,3425003,169999.9,186999.9,228999.8,30224,6.2,61.5,.0747457
"SC",1988,1.7,4.5,12440.81,62.6135,1.663138,23.5163,.4,21,0,.16998,9152.459,0,1,1,1034,.000298,188,.0000542,130,72,.0004286,15,.0000893,115,32,.0006725,.0001871,133,.0005612,40,.0001688,321.6,.0000927,3469997,168000.2,170999.9,237000.2,31759,5.5,62.3,.0542324
"SD",1982,1.83,5.5,11323.39,62.72545,.7183771,.6566,.380649,21,0,.242798,9165.686,1,0,0,148,.0002133,30,.0000432,27,7,.0002,3,.0000857,15,1,.0003764,.0000251,27,.0005094,10,.0001887,54.34,.0000783,694001.6,35000,39847.16,53000,6361,9.7,57.8,-.0349467
"SD",1983,1.79,5.4,11091.74,62.69841,.690367,.6868,.371327,21,0,.229347,9037.208,1,0,0,175,.0002504,23,.0000329,19,11,.0003333,4,.0001212,12,4,.0003089,.000103,22,.0004231,3,.0000577,47,.0000672,698999.1,33000.03,38848.44,51999.99,6317,9.6,57.9,-.0183846
"SD",1984,1.67,4.3,11661.54,64.89152,.6615385,.7185,.362234,21,0,.219713,9079.438,1,0,0,143,.0002028,25,.0000355,18,12,.000375,3,.0000938,17,5,.0004488,.000132,24,.0004615,8,.0001538,50.64,.0000718,704999.6,32000,37874.76,52000.05,6401,7.5,59.5,.0803718
"SD",1985,1.76,5.1,11684.32,64.42687,.6377119,.7516,.353363,21,0,.209174,8865.828,1,0,0,130,.0001836,17,.000024,11,11,.0003548,1,.0000323,7,2,.0001896,.0000542,22,.000449,5,.000102,34.9,.0000493,707999.3,30999.97,36925.48,48999.96,6277,7.2,60.1,-.0067439
"SD",1986,1.47,4.7,12175.44,65.16634,.621259,.7862,.34471,21,0,.199289,8817.817,1,0,0,134,.0001893,23,.0000325,17,6,.0001875,2,.0000625,14,6,.0003889,.0001667,20,.0004651,6,.0001395,36.09,.000051,707998.3,32000,36000,43000.03,6243,7,60.7,.0271174
"SD",1987,1.5,4.2,12545,66.01942,.609253,.8225,.336268,21,0,.19311,8757.423,1,0,0,134,.000189,14,.0000197,10,8,.0002581,1,.0000323,15,2,.0004286,.0000571,17,.0004048,4,.0000952,30.04,.0000424,708998.5,30999.94,35000.04,41999.99,6209,6.2,61.5,-.0334714
"SD",1988,1.45,3.9,12276.23,66.21622,.5933648,.8604,.328033,21,0,.179332,9304.343,1,0,0,147,.0002062,23,.0000323,16,12,.0004,1,.0000333,16,8,.0005,.00025,18,.0004186,4,.000093,42.73,.0000599,713000.4,30000,32000,42999.96,6634,5.5,62.3,-.0034753
"TN",1982,1.35,11.8,10988.07,53.99885,.3380943,25.8365,.2,19,1.8864,.198828,7458.3,0,1,0,1055,.0002262,243,.0000521,153,84,.0003574,13,.0000553,154,54,.0006023,.0002112,143,.0004181,50,.0001462,386.77,.0000829,4665004,234999.9,255683.1,341999.7,34793,9.7,57.8,-.0190983
"TN",1983,1.34,11.5,11183.49,55.06419,.3249117,25.6567,.2,19,1.8767,.193916,7733.209,0,1,0,1037,.0002212,193,.0000412,111,53,.0002335,10,.0000441,153,42,.0006048,.000166,141,.0004147,38,.0001118,377.89,.0000806,4688998,227000.2,252969.4,339999.9,36261,9.6,57.9,.0414893
"TN",1984,1.35,8.6,11704.4,57.31225,.3113439,25.4781,.2,19.67,1.862,.183345,7728.1,0,1,0,1095,.0002317,213,.0000451,128,65,.0002941,10,.0000452,151,51,.0006033,.0002038,165,.0004867,42,.0001239,388.72,.0000823,4726000,220999.7,250284.5,338999.8,36523,7.5,59.5,.0754379
"TN",1985,1.32,8,11919.49,57.64738,.3001303,25.3007,.2,21,1.848,.187638,7614.016,0,1,0,1101,.0002312,183,.0000384,114,65,.0002955,8,.0000364,117,23,.0004725,.0000929,177,.0005284,58,.0001731,324.31,.0000681,4762008,219999.7,247628.2,335000.2,36258,7.2,60.1,.0303716
"TN",1986,1.24,8,12371.52,58.03252,.292387,25.1246,.2,21,0,.174572,8165,0,1,0,1230,.0002563,233,.0000485,148,90,.0003863,10,.0000429,158,51,.0006449,.0002082,175,.0005682,57,.0001851,395.69,.0000824,4800000,233000,245000,307999.9,39192,7,60.7,.0429537
"TN",1987,1.21,6.6,12876,59.23913,.283323,24.9497,.2,21,0,.168929,8676.843,0,1,0,1248,.0002571,225,.0000463,135,97,.0004145,20,.0000855,150,45,.0006198,.000186,152,.0004984,46,.0001508,376.37,.0000775,4854992,234000,241999.9,304999.8,42126,6.2,61.5,.0785765
"TN",1988,1.18,5.8,13352.26,59.20451,.2726882,24.776,.2,21,0,.168742,9028.183,0,1,0,1266,.0002586,230,.000047,145,79,.0003465,16,.0000702,173,46,.0007689,.0002044,156,.0005016,48,.0001543,398.48,.0000814,4895005,228000.2,225000,310999.8,44193,5.5,62.3,.0394782
"TX",1982,1.56,6.9,13942.72,62.65511,.4331742,18.2049,.5254,19,11.3178,.208686,8144.788,0,0,0,4213,.000274,1049,.0000682,603,237,.000309,72,.0000939,526,196,.0006244,.0002327,632,.0005324,228,.0001921,2094.9,.0001363,1.54e+07,767000.2,842419.3,1186999,125218,9.7,57.8,-.0160661
"TX",1983,1.48,8,13692.66,62.31614,.4162844,17.9623,.5386,19,11.1786,.200634,8338.572,0,0,0,3823,.0002417,915,.0000579,507,207,.0002727,51,.0000672,471,176,.0005583,.0002086,592,.000495,208,.0001739,1812.5,.0001146,1.58e+07,759000.8,843562.1,1196001,131883,9.6,57.9,-.0025605
"TX",1984,1.48,5.9,14039.56,64.55586,.4188462,17.7229,.5521,19,7.1253,.193534,8564.129,0,0,0,3912,.0002432,886,.0000551,530,227,.0003031,39,.0000521,455,167,.0005386,.0001977,600,.0005046,224,.0001884,1852.47,.0001152,1.61e+07,748999.4,844706.5,1188999,137737,7.5,59.5,.0492319
"TX",1985,1.37,7,14270.13,63.91252,.4614407,17.4867,.566,19,7.0004,.184567,8751.546,0,0,0,3678,.0002247,811,.0000495,477,256,.0003409,53,.0000706,388,131,.0004587,.0001549,523,.0004451,174,.0001481,1471.02,.0000899,1.64e+07,750999.6,845852.5,1175001,143263,7.2,60.1,.025227
"TX",1986,1.21,8.9,13950.46,62.00167,.4495356,17.2537,.5802,19.67,6.8666,.175312,8821.696,0,0,0,3567,.0002137,788,.0000472,479,279,.0003428,76,.0000934,420,134,.0004959,.0001582,485,.0004319,163,.0001451,1267.3,.0000759,1.67e+07,813999.6,847000.1,1123000,147225,7,60.7,-.0388001
"TX",1987,1.13,8.4,13889,62.93584,.4356,17.0237,.5948,21,6.8257,.167624,9005.048,0,0,0,3261,.0001942,688,.000041,402,231,.0002834,43,.0000528,385,121,.0004639,.0001458,437,.0003969,136,.0001235,1034.48,.0000616,1.68e+07,814998.8,829991.8,1101000,151186,6.2,61.5,-.0330688
"TX",1988,1.09,7.3,14038.5,64.13017,.4192493,16.7968,.6097,21,6.8257,.155518,9290.322,0,0,0,3393,.0002015,752,.0000447,458,247,.0003127,70,.0000886,404,129,.0005193,.0001658,432,.0004053,136,.0001276,1145.63,.000068,1.68e+07,790000.6,778000.4,1066001,156458,5.5,62.3,.0236797
"UT",1982,.91,7.8,10788.78,61.16027,.3568401,.7,65.9165,21,1.6046,.2407,7012.183,0,0,0,295,.0001893,46,.0000295,24,26,.0003562,4,.0000548,35,12,.0003985,.0001366,42,.0003256,10,.0000775,62.3,.00004,1558003,73000.08,87822.1,129000.2,10925,9.7,57.8,-.0094779
"UT",1983,.84,9.2,10779.82,60.03824,.6292546,.7,65.187,21,1.605,.232819,7035.091,0,1,1,283,.0001774,45,.0000282,23,25,.0003472,3,.0000417,29,9,.0003329,.0001033,27,.0002126,7,.0000551,67.74,.0000425,1595004,72000.05,87107.91,127000.3,11221,9.6,57.9,.0409858
"UT",1984,.86,6.5,11120.88,62.66667,.8773484,.7,64.4656,21,1.8484,.218515,7184.842,0,1,1,315,.0001941,51,.0000314,28,22,.0003056,4,.0000556,38,5,.0004398,.0000579,34,.000272,8,.000064,78.06,.0000481,1623000,71999.9,86399.53,125000,11661,7.5,59.5,.0748268
"UT",1985,.89,5.9,11284.96,64.62841,.8457489,.7,63.7522,21,1.8541,.214632,7317.344,0,1,1,303,.0001842,36,.0000219,22,20,.000274,1,.0000137,25,6,.0002917,.00007,43,.0003525,6,.0000492,63.31,.0000385,1644996,72999.89,85696.91,122000,12037,7.2,60.1,.0275272
"UT",1986,.89,6,11339.53,65.83101,.8239288,.7,63.0467,21,1.8329,.207449,7426.684,0,1,1,313,.0001881,34,.0000204,25,33,.0004024,6,.0000732,36,5,.0004235,.0000588,33,.0002727,3,.0000248,54.96,.000033,1664000,82000,85000,121000.1,12358,7,60.7,.0093475
"UT",1987,.84,6.4,11389,65.2254,.798387,.7,62.349,21,1.1905,.19458,7547.003,0,1,1,296,.0001762,48,.0000286,29,31,.000369,6,.0000714,35,15,.0004167,.0001786,32,.0002667,9,.000075,56.8,.0000338,1680005,83999.91,83999.33,119999.9,12679,6.2,61.5,-.006218
"UT",1988,.82,4.9,11735.32,65.81586,.7684187,.7,61.659,21,1.1905,.183352,7847.945,0,1,1,297,.0001757,29,.0000172,21,29,.0003452,3,.0000357,23,7,.0002738,.0000833,31,.0002793,4,.000036,71.5,.0000423,1689997,84000.02,83999.85,111000.1,13263,5.5,62.3,.0374378
"VT",1982,2.39,6.9,12064.44,63.56589,.7115155,.1067,.2814,18,.2733,.188732,7678.837,1,0,0,107,.0002058,18,.0000346,10,6,.0002308,0,0,27,8,.0008404,.000249,14,.0003333,6,.0001429,27.76,.0000534,520000.6,26000.03,32127.53,42000.04,3993,9.7,57.8,.000128
"VT",1983,2.31,6.9,12186.93,63.0102,.6837729,.11,.2726,18,.2857,.186244,7906.684,1,0,0,94,.000179,19,.0000362,11,8,.00032,2,.00008,19,2,.0005967,.0000628,21,.0005,9,.0002143,34.1,.000065,524998.9,25000,31841.86,42000,4151,9.6,57.9,.0670786
"VT",1984,2.24,5.2,12680.22,64.39394,.6552198,.1133,.264,18,.5066,.175202,8307.534,1,0,0,114,.0002151,18,.000034,16,10,.0004,4,.00016,23,6,.0007288,.0001901,15,.0003659,3,.0000732,31.81,.00006,530000.8,25000,31558.73,40999.96,4403,7.5,59.5,.0605483
"VT",1985,2.13,4.8,13112.29,65.9204,.6316208,.1167,.2557,18,.3398,.173699,8762.605,1,0,0,115,.000215,23,.000043,15,8,.0003333,1,.0000417,14,4,.0004476,.0001279,16,.0003902,8,.0001951,36.35,.0000679,535000.7,24000.02,31278.12,40999.99,4688,7.2,60.1,.0575088
"VT",1986,2.03,4.7,13740.97,68.30467,.6153251,.1201,.2476,19.5,.3403,.169052,8990.77,1,0,0,109,.0002015,19,.0000351,14,7,.0002593,0,0,14,0,.0004516,0,19,.0005429,11,.0003143,33.42,.0000618,540999.3,27000.03,31000,35000.01,4864,7,60.7,.0629428
"VT",1987,1.93,3.6,14325,69.00726,.59625,.1236,.2399,21,.3359,.169162,9195.244,1,0,0,119,.0002172,14,.0000255,11,10,.0003846,1,.0000385,18,2,.0006,.0000667,22,.0006286,6,.0001714,38.95,.0000711,548000.7,26000.03,30000,35000.02,5039,6.2,61.5,.1047678
"VT",1988,1.82,2.8,14727.62,68.95734,.5738691,.1273,.2323,21,.3359,.1592,9969.486,1,0,0,129,.0002316,27,.0000485,12,12,.00048,3,.00012,19,7,.0006786,.00025,15,.0003947,7,.0001842,39.04,.0000701,556999.6,25000,28000.06,37999.98,5553,5.5,62.3,.0577719
"VA",1982,1.7,7.7,13878.28,60.84577,.7589499,12.7081,.5254,21,0,.208276,7547.831,1,0,0,881,.0001605,177,.0000322,115,71,.0002518,14,.0000496,125,41,.0003959,.0001299,117,.0002746,38,.0000892,252.7,.000046,5488994,282000.1,315716.3,425999.8,41430,9.7,57.8,.0067459
"VA",1983,1.62,6.1,14299.31,62.64087,.7293578,12.6132,.5386,21,0,.202384,7609.125,1,0,0,901,.0001621,179,.0000322,116,51,.0001861,11,.0000401,137,49,.0004377,.0001565,124,.0002904,34,.0000796,268.26,.0000483,5558983,274000.6,313002.5,427000.2,42299,9.6,57.9,.0720425
"VA",1984,1.58,5,14906.59,64.89285,.6989011,12.5191,.5521,21,0,.197191,7900.444,1,0,0,1013,.0001797,213,.0000378,138,63,.000236,12,.0000449,127,53,.0004093,.0001708,175,.0004089,60,.0001402,271.76,.0000482,5636013,267000.1,310311.9,427999.5,44527,7.5,59.5,.0692306
"VA",1985,1.52,5.6,15323.09,64.02468,.6737288,12.4256,.566,21,0,.184192,8399.579,1,0,0,976,.000171,176,.0000308,106,55,.0002083,9,.0000341,109,38,.0003543,.0001235,149,.0003506,47,.0001106,268.76,.0000471,5706001,264000.4,307644.5,425000.3,47928,7.2,60.1,.049488
"VA",1986,1.45,5,15915.38,64.01488,.6563467,12.3329,.5802,21,0,.180502,8866.417,1,0,0,1126,.0001943,224,.0000387,154,77,.0002862,19,.0000706,149,45,.0004885,.0001475,162,.000404,48,.0001197,294.31,.0000508,5795013,269000.3,305000,401000,51381,7,60.7,.0639497
"VA",1987,1.39,4.2,16486,65.30148,.636,12.2408,.5948,21,0,.175822,9287.623,1,0,0,1021,.0001729,165,.0000279,114,65,.0002434,9,.0000337,124,37,.0004092,.0001221,144,.0003609,43,.0001078,261.1,.0000442,5903987,266999.7,303000.7,399000.3,54834,6.2,61.5,.0780921
"VA",1988,1.33,3.9,17011.55,66.50301,.612127,12.1494,.6097,21,0,.1635,9551.628,1,0,0,1071,.0001781,191,.0000318,128,76,.0002946,12,.0000465,118,29,.0004027,.000099,160,.0003846,55,.0001322,253.24,.0000421,6014996,257999.7,293000.3,416000.4,57453,5.5,62.3,.0520566
"WA",1982,1.9,12.1,14342.48,56.33313,.231759,1.15016,2.65721,21,0,.18385,7306.683,0,1,0,748,.0001748,172,.0000402,112,43,.0002129,6,.0000297,107,28,.0004874,.0001275,100,.0003185,42,.0001338,271.006,.0000633,4278002,202000.3,219552,314001.3,31258,9.7,57.8,-.0328208
"WA",1983,1.81,11.2,14534.4,57.67179,.2315585,1.1761,2.73948,21,0,.179465,8395.816,0,1,0,698,.0001621,140,.0000325,105,53,.0002718,5,.0000256,92,27,.0004237,.0001244,97,.0003149,31,.0001006,236.519,.0000549,4305001,194999.9,217124,307995.2,36144,9.6,57.9,.0425709
"WA",1984,1.75,9.5,14758.24,57.56355,.221889,1.20261,2.82431,21,0,.17188,7874.928,0,1,0,746,.0001715,158,.0000363,109,45,.0002344,9,.0000469,87,22,.0004052,.0001025,123,.0004086,40,.0001329,229.463,.0000528,4348992,192000,214722.9,300998.4,34248,7.5,59.5,.0483051
"WA",1985,1.68,8.1,14909.96,58.94447,.2138972,1.22973,2.91175,21,0,.166529,7796.564,0,1,0,744,.0001687,124,.0000281,80,50,.0002577,16,.0000825,77,12,.0003626,.0000565,103,.0003492,37,.0001254,218.182,.0000495,4408994,194000,212348.3,295002.1,34375,7.2,60.1,.027092
"WA",1986,1.59,8.2,15375.64,60.63702,.2083787,1.25746,3.00191,21,0,.160415,8166.685,0,1,0,703,.0001575,148,.0000332,93,73,.0003596,13,.000064,83,29,.0003952,.0001381,91,.0003149,33,.0001142,222.222,.0000498,4463011,203000,210000,288999,36448,7,60.7,.0546685
"WA",1987,1.54,7.6,15630,61.40041,.201919,1.28581,3.09486,21,0,.155314,8488.326,0,1,0,780,.0001719,146,.0000322,95,55,.0002764,7,.0000352,83,20,.000401,.0000966,99,.0003474,34,.0001193,246.591,.0000543,4537997,198999.9,206998,284998.7,38520,6.2,61.5,.0166499
"WA",1988,1.49,6.2,15854.67,62.49641,.1943398,1.3148,3.19068,21,0,.144181,8995.922,0,1,0,778,.0001674,173,.0000372,108,47,.0002448,11,.0000573,98,24,.0004734,.0001159,94,.0003369,35,.0001254,255.938,.0000551,4647995,191999.7,207000,278998,41813,5.5,62.3,.0375806
"WV",1982,1.05,13.9,10748.21,45.5229,.476364,1.54847,.38065,18,0,.201276,5574.713,1,1,0,450,.0002295,89,.0000454,56,35,.0003571,8,.0000816,58,21,.0005792,.0002097,76,.0005507,23,.0001667,144,.0000734,1960998,97999.96,100136.3,138001.2,10932,9.7,57.8,-.0280919
"WV",1983,.93,18,10451.83,42.9932,.4577901,1.57328,.37133,18.5,0,.195664,5958.217,1,1,0,425,.0002165,93,.0000474,61,23,.0002396,4,.0000417,56,21,.0005681,.0002131,58,.0004296,18,.0001333,153,.0000779,1963003,96000.13,98565.66,134999.9,11696,9.6,57.9,-.0277933
"WV",1984,.85,15,10641.76,44.41417,.4386736,1.5985,.36223,19,0,.192053,6494.611,1,1,0,438,.0002245,91,.0000466,66,30,.0003191,9,.0000957,55,15,.0005669,.0001546,62,.0004697,26,.000197,131.404,.0000674,1951002,93999.98,97019.65,131999.2,12671,7.5,59.5,.014356
"WV",1985,.81,13,10669.49,45.38619,.4228739,1.62412,.35336,19,0,.179934,6541.318,1,1,0,420,.0002169,67,.0000346,45,29,.0003152,3,.0000326,47,13,.0004922,.0001361,56,.0004375,14,.0001094,140.132,.0000724,1936001,92000.11,95497.89,128000,12664,7.2,60.1,-.0083843
"WV",1986,.81,11.8,10888.54,44.98626,.4119639,1.65015,.34471,19.67,0,.173935,6887.315,1,1,0,440,.0002295,86,.0000449,56,43,.0004526,6,.0000632,53,17,.0005638,.0001809,57,.0004672,15,.000123,145.849,.0000761,1917003,94999.91,94000,122000.8,13203,7,60.7,-.0028322
"WV",1987,.79,10.8,10992,46.13793,.399193,1.6766,.33627,21,0,.171171,7244.076,1,1,0,471,.0002483,90,.0000474,58,45,.0004839,11,.0001183,51,9,.0005543,.0000978,57,.000479,26,.0002185,141.154,.0000744,1896998,92999.99,91999.64,119000.4,13742,6.2,61.5,.0063589
"WV",1988,.79,9.9,11294.51,46.18055,.3842089,1.70347,.32803,21,0,.162937,7400.866,1,1,0,460,.0002452,83,.0000442,51,46,.0005055,11,.0001209,52,16,.0005977,.0001839,55,.0004783,15,.0001304,141.439,.0000754,1875997,90999.91,87000.16,115000.2,13884,5.5,62.3,.0253461
"WI",1982,2.21,10.7,13213.6,61.65158,.173031,.23331,.23331,18,1.79431,.210804,6909.823,1,0,0,770,.0001622,199,.0000419,105,67,.0002669,17,.0000677,126,54,.0004674,.0002003,133,.0003674,46,.0001271,255.392,.0000538,4745997,251000.3,269586.1,362003.3,32794,9.7,57.8,-.028693
"WI",1983,2.17,10.4,13291.28,61.35593,.1662844,.25198,.25198,18,1.99916,.205162,7184.746,1,0,0,725,.0001527,196,.0000413,118,47,.0001958,10,.0000417,120,61,.0004545,.000231,114,.0003193,49,.0001373,255.777,.0000539,4747002,240000.4,264019.5,356997.5,34106,9.6,57.9,.016048
"WI",1984,2.13,7.3,13818.68,62.27848,.1593406,.27216,.27216,18.5,2.10743,.19695,7426.941,1,0,0,822,.0001726,181,.000038,104,57,.0002468,7,.0000303,126,44,.0004873,.0001702,122,.0003476,46,.0001311,272.596,.0000572,4761988,231000.2,258567.9,350998.3,35367,7.5,59.5,.059698
"WI",1985,2.02,7.2,13952.33,61.62888,.1536017,.29395,.29395,19,1.99453,.188973,7681.489,1,0,0,744,.0001558,166,.0000348,101,46,.0002044,11,.0000489,101,35,.0003988,.0001382,112,.0003284,45,.000132,246.061,.0000515,4774986,225000.5,253228.8,340995.6,36679,7.2,60.1,.00662
"WI",1986,1.75,7,14351.91,62.21108,.1496388,.31748,.31748,19.67,1.98074,.182183,8036.372,1,0,0,747,.0001562,159,.0000332,104,51,.0002237,8,.0000351,95,32,.0003831,.000129,110,.0003595,44,.0001438,256.031,.0000535,4783004,228000.2,248000,305997.5,38438,7,60.7,.0305493
"WI",1987,1.68,6.1,14720,64.70425,.145,.3429,.3429,21,1.86441,.176361,8361.979,1,0,0,797,.0001658,156,.0000325,106,66,.0002973,11,.0000495,82,24,.0003417,.0001,108,.0003649,41,.0001385,248.468,.0000517,4806997,222000.2,239997.7,296003.9,40196,6.2,61.5,.0322504
"WI",1988,1.65,4.3,14941.29,67.44313,.1395573,.37035,.37035,21,1.86441,.164296,8745.19,1,0,0,807,.0001662,169,.0000348,114,59,.000277,20,.0000939,102,35,.0004636,.0001591,119,.0003839,42,.0001355,274.677,.0000566,4855012,213000.2,219998.3,310000.8,42458,5.5,62.3,.0401724
"WY",1982,2.19,5.8,14600.24,67.31844,.0536993,2.45981,8.57793,19,0,.233668,10354.91,0,1,0,201,.0003941,38,.0000745,18,10,.0004348,1,.0000435,28,13,.0010907,.0005064,26,.00065,8,.0002,69.931,.0001371,509999.6,22999.98,25670.91,40000,5281,9.7,57.8,-.071417
"WY",1983,1.99,8.4,13574.54,66.39118,.0516055,2.54383,8.56692,19,0,.220633,9804.255,0,1,0,173,.0003353,22,.0000426,14,11,.0004783,0,0,22,6,.0008715,.0002377,20,.0005,3,.000075,62.107,.0001204,516000.5,22999.99,25242.58,40000,5059,9.6,57.9,-.1056785
"WY",1984,1.91,6.3,13456.04,66.02209,.0494506,2.63072,8.55593,19,0,.208333,9994.155,0,1,0,157,.000306,27,.0000526,22,3,.0001364,1,.0000455,20,7,.0008058,.000282,28,.0007568,3,.0000811,62.279,.0001214,512999.8,21999.94,24821.4,36999.84,5127,7.5,59.5,-.0166784
"WY",1985,1.88,7.1,13595.34,65.0838,.0476695,2.72057,8.54494,19,0,.191962,10611.01,0,1,0,152,.0002986,27,.000053,22,8,.0003636,3,.0001364,20,2,.0008194,.0000819,24,.0006857,7,.0002,52.345,.0001028,508999.6,22000.02,24407.24,35000.22,5401,7.2,60.1,-.0121261
"WY",1986,1.7,9,13126.93,63.96648,.0464396,2.8135,8.53397,19,0,.168026,10619.33,0,1,0,168,.0003314,30,.0000592,19,8,.0003478,1,.0000435,25,7,.0010417,.0002917,25,.0007143,11,.0003143,57.857,.0001141,506999.9,23000.01,24000,34999.79,5384,7,60.7,-.1099759
"WY",1987,1.59,8.6,12719,62.85714,.045,2.9096,8.52302,19,0,.149312,10953.05,0,1,0,129,.0002633,25,.000051,18,8,.0003636,2,.0000909,19,6,.0008261,.0002609,12,.0003636,4,.0001212,35.5,.0000724,490000.5,22000.02,22999.92,32999.67,5367,6.2,61.5,-.1236415
"WY",1988,1.55,6.3,13098.17,64.63768,.0433109,3.00899,8.51208,19.5,0,.131242,11812.12,0,1,0,155,.0003236,26,.0000543,18,10,.0004762,1,.0000476,23,11,.0010952,.0005238,19,.0006333,5,.0001667,47.422,.000099,478999.7,21000.02,20999.96,30000.16,5658,5.5,62.3,-.0170232
