"","ed_num","Conservative","Liberal","NDP","share_middle_class","share_high_income","share_low_educ","share_uni_educ","share_imm","share_english","share_french","share_not_english_or_french","share_married","share_divorced","share_young","share_old"
"1","10001",0.110963265694055,0.559045763436772,0.144347288884665,0.255097613882863,0.493130874909617,0.251893024005155,0.0965845013694216,0.0119711284549029,0.954137005484887,5.83498657953087e-05,0.000350099194771852,0.457502319109462,0.0400027747589428,0.160936018683377,0.179203181723588
"2","10002",0.100706713780919,0.817964208366579,0.0728656103955317,0.298925071134998,0.356307303193171,0.350884067198903,0.0530440319341725,0.00954604766156171,0.979152519353524,6.79071030829825e-05,0.000407442618497895,0.463362201338984,0.0361595337039236,0.122982891683307,0.244009390684872
"3","10003",0.182774768675243,0.748222748815166,0.0613574813811781,0.311748798076923,0.336838942307692,0.362068141635208,0.0692406938404931,0.00969093766369827,0.972943161173112,6.48845055800675e-05,0.000713729561380742,0.460786636654425,0.0368177136972194,0.129827497425335,0.235324407826982
"4","10004",0.138689081063606,0.717530105875697,0.143780813060697,0.200200702458605,0.645760160561967,0.285223839604504,0.0759406756385608,0.0302517850432168,0.923276021445739,0.00166389351081531,0.00554631170271769,0.419657422512235,0.025554289076001,0.196712872743317,0.102768687722911
"5","10005",0.12158091048202,0.738547245600612,0.113308148431523,0.299866844207723,0.343808255659121,0.334995599882664,0.0858651468801073,0.0140090646889164,0.964133915574964,5.82241630276565e-05,0.000407569141193595,0.456168644165419,0.0462144581932458,0.127840744977066,0.231938812057352
"6","10006",0.0654634581105169,0.467335115864528,0.452941176470588,0.255813953488372,0.506206306177771,0.203778415703313,0.236325548917682,0.0629868549172347,0.902702383762096,0.000295020061364173,0.00365824876091574,0.448419636852724,0.045275797285786,0.156598247313208,0.153389266835478
"7","10007",0.0456909443985625,0.57860315617955,0.367558759849111,0.285041393091636,0.442906080502426,0.255530927188323,0.154238634937895,0.0304123390758132,0.927364037236649,0.000244977951984321,0.00263351298383146,0.447751651630319,0.0565998609399968,0.140096854072384,0.160406933482965
"8","11001",0.161529908828108,0.650255726039582,0.111318656882366,0.344071281699794,0.386566141192598,0.258846722523411,0.148348940364712,0.0547172472147793,0.889102916895982,0.000275178866263071,0.0152724270776004,0.464545584248823,0.0412399289908507,0.165642496244708,0.187354909190223
"9","11002",0.148169147176943,0.562721474131821,0.231372549019608,0.329299363057325,0.317515923566879,0.235532798763404,0.210800888803014,0.126453702340645,0.852748504699516,0.000996866989461692,0.0166619196810026,0.450174825174825,0.0590125782678562,0.138804233390591,0.19684712140522
"10","11003",0.289532815279468,0.492510064600693,0.19178915831851,0.354929577464789,0.317605633802817,0.377883943136798,0.0912374737823351,0.0294117647058824,0.828333828333828,0.00163350163350163,0.00178200178200178,0.457062412013139,0.0474127838913603,0.160091313509717,0.213357527511122
"11","11004",0.17564079743681,0.620772516909932,0.111650053399786,0.352008456659619,0.423890063424947,0.249509226541029,0.138299960738123,0.0485750386073284,0.882328366522768,0.000557025483915889,0.0015318200807687,0.463797536879145,0.0378850957535387,0.170552317513183,0.179295031917846
"12","12001",0.144459606355668,0.743876772208988,0.0820362189791151,0.324437975092997,0.334627203622837,0.277249940319885,0.10408211983767,0.0256301331067686,0.880639955090871,0.00126306925829766,0.000771875657848572,0.460115694930735,0.0489480344304924,0.134259452393865,0.246686968976402
"13","12002",0.257958114000407,0.58534215936561,0.102387999005942,0.329807692307692,0.344711538461538,0.274205325414983,0.124178552304921,0.0346812593276953,0.941978798586572,0.000141342756183746,0.000918727915194346,0.453998344993606,0.0530140907701287,0.143756427003141,0.227620132847892
"14","12003",0.264547181213848,0.637291720625054,0.0571311404644738,0.347008063375301,0.295374168906493,0.308259120292934,0.113014782333529,0.0358005850184408,0.942815711493601,6.3047727129437e-05,0.00113485908832987,0.44672604882029,0.0567688298796377,0.144186623650577,0.230177441369897
"15","12004",0.140252534914865,0.581729481538167,0.244059690070786,0.324213914335232,0.412602129239911,0.241904337492573,0.186274509803922,0.0724845542806708,0.87835322457024,0.00164239570787255,0.00251834008540458,0.442812982998454,0.0601293593785549,0.145718897953435,0.171016565367656
"16","12005",0.0860612460401267,0.517253733594811,0.361329008900287,0.308609118259662,0.35697755149271,0.195076264383195,0.308201766122558,0.123495190369218,0.840575817800935,0.00053714347102111,0.00854058118923564,0.421322516454921,0.0551738716837544,0.116161082338019,0.153366451749287
"17","12006",0.15649274146848,0.686455400467262,0.11769404341141,0.321993170608322,0.451119261413937,0.200612131329994,0.25205203116305,0.15900908162717,0.855143860384676,0.000838530475341963,0.011529794035952,0.45050002958755,0.0506986650044154,0.165082333385279,0.150693470469067
"18","12007",0.185858715674935,0.707406931414128,0.0642162532665039,0.342939481268012,0.35806916426513,0.275506304929308,0.133613552413705,0.04337510646064,0.932465960665658,0.000121028744326778,0.0016338880484115,0.446599447691221,0.0528365183010843,0.156113340921344,0.195770682321931
"19","12008",0.148775387673133,0.479513881700172,0.343947330283017,0.304565448202639,0.528439253753981,0.263412416301562,0.129536248656692,0.0399790502793296,0.893783736722967,0.000580416739218759,0.000754541760984387,0.452897686620558,0.0411570209715832,0.173819047839256,0.138904945779093
"20","12009",0.225580293699668,0.569303647560398,0.168318332543818,0.33112582781457,0.354866924903161,0.286541080344984,0.127061582690271,0.0516678652431266,0.927922971114168,0.000220082530949106,0.000880330123796424,0.451497134286786,0.0506370467167592,0.13312642927148,0.238211913318088
"21","12010",0.106408942256065,0.732049592424464,0.130595011470689,0.314946619217082,0.304917502426399,0.307251908396947,0.113650060265167,0.0209151259904347,0.95714184847843,0.000211819529760644,0.000776671609122361,0.454924802225506,0.0566197261185341,0.144286743915285,0.226409602483783
"22","12011",0.260863854287528,0.62993935944307,0.0675146128417873,0.347735482078355,0.285079188663518,0.309478526250608,0.0959794771993454,0.0422958832007018,0.782010778665675,0.00284953230502385,0.000805302607941523,0.448695211553078,0.0557140418891571,0.136237290615171,0.241264964767269
"23","13001",0.075584247395169,0.507132625630359,0.393991719482762,0.323460752845054,0.30084622118471,0.352242184184467,0.0847833262601971,0.0139347510236428,0.0995682323694884,0.395590736621745,0.000785032055475599,0.415162454873646,0.0413286884086848,0.114537671452996,0.240773354244064
"24","13002",0.113665558410156,0.690154148405622,0.151295904488439,0.341019239242179,0.388162725804083,0.303281243043498,0.127287297983171,0.0374960679458949,0.263991552270327,0.0669606807876266,0.001801354121374,0.443134365020879,0.0421061585573324,0.141204491323579,0.205852330724736
"25","13003",0.28423440777364,0.492615898292025,0.0989255596935063,0.341215247922041,0.393809114359415,0.248674105816963,0.227968942254657,0.0883084577114428,0.758526685648513,0.00648209850366511,0.00799660749984855,0.445950618991632,0.0490378497773189,0.161218683600831,0.163559535670984
"26","13004",0.370803075608714,0.408714224690303,0.175224263135412,0.328010220376876,0.432449696582561,0.296189858162603,0.120654491517567,0.0343516288502979,0.817374322791987,0.00113392969635883,0.00100793750787451,0.461049878572763,0.0421550354627672,0.171872459127128,0.178252004553244
"27","13005",0.16487964402509,0.556961346700263,0.259207634160725,0.333706816059757,0.281419234360411,0.339982760743751,0.0945696342814924,0.0283418301218353,0.109651724430133,0.328107787475638,0.000593170070333023,0.416798290439469,0.045877637550101,0.126204909072841,0.234108450097718
"28","13006",0.343086569134309,0.473050269497305,0.153668463315367,0.343584521384929,0.287169042769857,0.384810973569756,0.0773502843760455,0.0187527642636002,0.689280988089987,0.0552271724746361,0.00070577856197618,0.454106280193237,0.0463374270533926,0.135266962808118,0.229509624597161
"29","13007",0.214600026901866,0.577506197036952,0.161795507388405,0.341843623419664,0.332269547072542,0.267854370439373,0.16647259742276,0.0694078763094504,0.500438740813864,0.0277503564769113,0.00603268619063288,0.432521179483812,0.0556298966179613,0.149191720803747,0.185450974467442
"30","13008",0.38561936402468,0.439171017244107,0.125718504456046,0.333333333333333,0.388671511086268,0.302464610005076,0.112627601376121,0.0492930239825014,0.870073557878436,0.00178087495160666,0.000696864111498258,0.458712787939083,0.0455680303888982,0.157918115398165,0.192764256283793
"31","13009",0.305456351552707,0.48802062392091,0.175279676450415,0.320870454213524,0.339126624799182,0.306305882352941,0.150164705882353,0.0635055591890124,0.848195397140842,0.00141034681710366,0.00859029424963139,0.446724789753877,0.0610485994733062,0.152022983002155,0.18976097173746
"32","13010",0.370182423816587,0.466052515158612,0.112785281182502,0.347695035460993,0.324290780141844,0.338231232392421,0.109595094735679,0.0450855962219599,0.749393516136146,0.0243328677497611,0.0011026979342792,0.452452153110048,0.0457239380833807,0.163237371310413,0.190759104742766
"33","24001",0.093023929544006,0.32139753172258,0.370183672286923,0.298567246957326,0.443691264828224,0.324725397892849,0.0694463124859897,0.0159145031073939,0.225873043179081,0.46143700900281,0.034577670738001,0.340743907652843,0.0367366466561108,0.226172440110723,0.119778554911319
"34","24002",0.0688732932494118,0.296265760421484,0.41496913269923,0.313725490196078,0.373767586130497,0.26037396260374,0.0792254107922541,0.0126129705035257,0.0150046280508598,0.707409753008233,0.000341014273883178,0.342297203018964,0.048361693287339,0.169386709955455,0.182238069010832
"35","24003",0.0729029819857109,0.468371515467814,0.300250148469415,0.343155989138087,0.295987126621744,0.196496308093239,0.245721731576661,0.4168745747335,0.0662092474434053,0.336246831570667,0.0321650205401626,0.43059456928839,0.0684989825197749,0.169821281088491,0.18851056221104
"36","24004",0.113451394805054,0.445123166995958,0.239717957548623,0.332271339439798,0.467144563918757,0.223741664692144,0.150255559692651,0.228855975485189,0.0198645598194131,0.398444946074743,0.0109355405066466,0.425637393767705,0.0547976285598729,0.167105639568721,0.175046610044095
"37","24005",0.111228606117573,0.432636196294991,0.247718638624525,0.345463194196694,0.325127839219883,0.290190834176666,0.0807430967182304,0.0286017511276201,0.0348929003736645,0.450081574653966,0.000631545708120625,0.371318738597863,0.0652008227101408,0.153214103005815,0.202963009365114
"38","24006",0.0612828694025745,0.395478050390582,0.201892397403455,0.343606957583155,0.249465974977113,0.272359657469077,0.0673644148430067,0.0109525868280732,0.0247852415152795,0.794747218701591,7.0412617941135e-05,0.354404051365527,0.0605032198840007,0.144442744481689,0.240830632710683
"39","24007",0.58891950896532,0.222647721985613,0.0974016678000072,0.367669500763026,0.325376062786135,0.263589942473014,0.0721672807187641,0.0143854151830224,0.000513179379519477,0.775134126428738,0.000746442733846513,0.368975903614458,0.0502087433100988,0.177753664502602,0.188420723520865
"40","24008",0.30580719174018,0.254242652003639,0.254776692115986,0.357559958289885,0.245881126173097,0.226481671805413,0.133778691332648,0.0784902774743282,0.00180313958421723,0.651039456936784,0.00556851930420025,0.339816270793677,0.0747690801736975,0.127721834029304,0.21566401816118
"41","24009",0.114069533569581,0.242620438655301,0.220879226127766,0.34852043212776,0.298849224988257,0.255665621436716,0.0740450399087799,0.0214172540020762,0.00145247189197913,0.751734896982086,0.000753133573618807,0.35920638112474,0.0598384573095953,0.142618513976403,0.238243751850129
"42","24010",0.509153647081376,0.207051343493402,0.136042685069811,0.357262267676271,0.359819057921133,0.216518563253099,0.109654041929083,0.0249807666199032,0.00114744693057946,0.72346528973035,0.000706121188048899,0.358756904536071,0.0535810587478037,0.151262112276673,0.221239322930258
"43","24011",0.0929136939703182,0.29341641831482,0.310680634576598,0.30677032717849,0.507936507936508,0.201311379863034,0.148623051143815,0.0466323503751527,0.00585929085347465,0.509413640084443,0.00120632458748007,0.347122004957312,0.0512173712961148,0.192512548682069,0.160469734027594
"44","24012",0.101974046980112,0.202771753115465,0.421681432194979,0.359215506365409,0.297969950682418,0.280832705608437,0.0658426350749846,0.0162071250191122,0.00115869017632242,0.755667506297229,0.000705289672544081,0.352661239824671,0.0568391268394257,0.151388349224378,0.212959918701617
"45","24013",0.12444886929313,0.32500711136396,0.249288863604039,0.31054809983695,0.482378025837201,0.212839753209938,0.145205936301484,0.0783958992914217,0.00822741156764213,0.448122967780077,0.0022662331264164,0.365528455284553,0.0547918303220738,0.177680675569521,0.148320895522388
"46","24014",0.102357299208621,0.282774877925577,0.243374305438626,0.300942803268385,0.542174732872407,0.184642073909201,0.168046872442801,0.0505864354920959,0.00291721154813399,0.517704456292124,0.00120712201991751,0.359466731898239,0.0460480824155451,0.175624079288885,0.172717889103791
"47","24015",0.0928541904738749,0.540591796542585,0.149383646575409,0.365569917743831,0.186016451233843,0.304653659620155,0.111362037688349,0.413415327373262,0.0242281946248376,0.525676890798282,0.0259266660005995,0.438018381528805,0.0817562752395281,0.182417451896429,0.193602027080529
"48","24016",0.114597358329783,0.438755858542821,0.245129953131657,0.35404467577532,0.323899371069182,0.254923233717987,0.129993095966072,0.0467774948829315,0.0495557749259625,0.442991115498519,0.000937808489634748,0.369951724949959,0.0695458016373953,0.14672762597021,0.241936263375122
"49","24017",0.126004191407614,0.503283269297939,0.24580859238561,0.328359962406015,0.458294172932331,0.178268251273345,0.254820519039534,0.342613142912284,0.0987689393939394,0.221780303030303,0.0366003787878788,0.43602855012251,0.0590712200925805,0.160017475042293,0.216439553085089
"50","24018",0.0748231210786277,0.280202910158857,0.431050594046189,0.350729879860483,0.294793954269474,0.225889312680003,0.112399782050284,0.0150389785771285,0.000477668975400048,0.792930499164079,0.000238834487700024,0.353304230016559,0.0557007937068702,0.139840787583316,0.236698933088391
"51","24019",0.422411425432573,0.232164927217797,0.200666025817083,0.361570468366585,0.403606102635229,0.198855639189768,0.12985741386696,0.0474398666349131,0.00122520145139249,0.665896988831818,0.00216766410630979,0.342853633069222,0.0562216793779253,0.167592817051112,0.194025397654167
"52","24020",0.335004756619629,0.268669732043761,0.184437926113842,0.340505851264628,0.407701019252548,0.219136881863328,0.103448275862069,0.0215642274642877,0.00086791429346352,0.738106861947383,0.0005424464334147,0.352638100828279,0.0473984243226509,0.154632021692252,0.2078484958473
"53","24021",0.112104592329381,0.390965972731837,0.231470395117995,0.343578341616532,0.415380591158776,0.277860542858181,0.0868791104974383,0.099693171771803,0.0641038801067543,0.432508725107781,0.0050810921781975,0.381157003591585,0.0498534023925547,0.181842328399072,0.166007743622749
"54","24022",0.165962789635886,0.310900582125328,0.297203515580413,0.338824159635731,0.328512119994643,0.202857032248074,0.118655878595486,0.0156388501962771,0.00229315153393244,0.765726681127983,0.000371862410907964,0.36825494573166,0.0596528619899803,0.140741557343917,0.220727838410564
"55","24023",0.125029116124062,0.36878034796008,0.274139506548888,0.361463865158162,0.359732163472639,0.232995658465991,0.118347001125583,0.0412176854312636,0.0385055825937589,0.545758183032732,0.000763431625155072,0.358541084072113,0.0524848519329787,0.186707630453541,0.176229624783091
"56","24024",0.110777401336874,0.54892409120044,0.215529713396209,0.35702479338843,0.29845041322314,0.254221475883944,0.176975464129117,0.318507228303543,0.171400234424308,0.20038770174015,0.0217293300874583,0.42631450530682,0.0722981234384137,0.162183474208353,0.178707493842255
"57","24025",0.177398564805017,0.265357163469863,0.304603782296697,0.359373263695966,0.282142460273364,0.264127135695529,0.0768338846639157,0.0290630783852734,0.00156931979795008,0.722328478250208,0.00274630964641263,0.349705304518664,0.0632997088890393,0.17031441918044,0.190914630018279
"58","24026",0.0605295706388672,0.387333720372567,0.325239165004922,0.349231894659839,0.284272128749086,0.298792259686616,0.0731378799443272,0.00999662276258021,0.0395061728395062,0.719386052719386,0.000133466800133467,0.362090316189218,0.0496374423203692,0.119578114700066,0.254779169413316
"59","24027",0.0818858131487889,0.537647058823529,0.26560553633218,0.341528239202658,0.412735326688815,0.272338875273233,0.126051533417235,0.0888931188731322,0.0327799264220357,0.338930289595321,0.00457504009055749,0.391872726151569,0.0629513139283853,0.16949862279461,0.156796694707065
"60","24028",0.0684918310727497,0.299283292231813,0.308916461159063,0.352028416526454,0.235371097401383,0.207178898389582,0.204822189322295,0.229865191842378,0.0232256826143289,0.422956955708047,0.0122366716253179,0.354882749759075,0.0726318359375,0.129910982572115,0.164701021634615
"61","24029",0.120523442641992,0.56546904642069,0.164117852026792,0.360359266901323,0.345430270663916,0.264595680904694,0.126916002452483,0.342944906856916,0.0284499193430122,0.416043408124358,0.020921933812387,0.444834898515601,0.0644354776430612,0.168401034828944,0.19861572322187
"62","24030",0.0771645021645022,0.513672438672439,0.315151515151515,0.320908994371881,0.385897844324095,0.211870100783875,0.239705647096465,0.173421763694424,0.114608361364728,0.208024987986545,0.00994714079769342,0.401986800027216,0.0708600916343354,0.170557489636593,0.148834650300231
"63","24031",0.100636807846319,0.282153504207165,0.256945791952583,0.361779879621668,0.274828030954428,0.279665812335652,0.0880737609426489,0.0290064182297627,0.00571987289171352,0.688340259105353,0.00371547298948912,0.361418367991909,0.0717331182300069,0.143226165783207,0.234837136052854
"64","24032",0.168887595368272,0.284805521485146,0.291852898987589,0.355615315661416,0.357920348316046,0.187047085594259,0.0838088569928234,0.00983010398318086,0.000954841608627275,0.800381936643451,0.000224668613794653,0.358849077090119,0.051159010443341,0.161326237502505,0.190162328263822
"65","24033",0.0798174772751965,0.285680657661247,0.267573244486293,0.364197530864198,0.313005534269902,0.261749582419022,0.11839648904464,0.162690230731468,0.0101312234658433,0.550366653801621,0.00820146661520648,0.369731800766284,0.0755623683418598,0.149949217574481,0.18112398435149
"66","24034",0.119137775307441,0.364639060654485,0.22882651288821,0.29957962413452,0.533382789317507,0.220840676196071,0.150675543371843,0.0945440598331575,0.016823495865412,0.435985172512119,0.00394449196844406,0.369628877069264,0.0480112990065974,0.195315462197619,0.12829870326837
"67","24035",0.332730331590658,0.184391902892599,0.284646972629751,0.355235688385892,0.310844962092078,0.230520612186698,0.069774073956716,0.00850348544025313,0.000387634460703557,0.850421552476015,0.000484543075879446,0.372609250028979,0.0544747452602682,0.158372334645557,0.214229203801317
"68","24036",0.174236102195404,0.641369238669919,0.128338040826807,0.261405988947436,0.569464079167202,0.167568217333814,0.272779180189927,0.290322580645161,0.20851222699272,0.0519880530147471,0.0140470412544335,0.465413496444378,0.0473848534246954,0.162416305178718,0.184059532690483
"69","24037",0.0690623663114038,0.43901939995908,0.289529974145788,0.360225697881608,0.262126311621461,0.228996490356244,0.205826629810231,0.227337703948341,0.112574564543068,0.259126700071582,0.0169887854927225,0.378968395519726,0.0728696401476125,0.139089223160931,0.169951108030646
"70","24038",0.0982856600129802,0.320975733303785,0.263466987478828,0.359238625812442,0.274187558031569,0.246495628493622,0.108184033252114,0.042026690793938,0.0110597850226526,0.567868881584792,0.000444168073198898,0.362707812669782,0.076527698458024,0.125203180600097,0.253481527039494
"71","24039",0.0410014447431466,0.236608694061923,0.382747206525118,0.314192849404117,0.266022168514043,0.125528169014085,0.34021629778672,0.267287911192586,0.0661315333394144,0.239304934780626,0.0143665055185624,0.297627671133647,0.0649617740421156,0.0948719095095453,0.120042920373765
"72","24040",0.180998062909326,0.477022414906374,0.197583248777788,0.328442728442728,0.455469755469755,0.245792022135116,0.16492638097434,0.333761293390395,0.0979878334113243,0.247028544688816,0.028310715956949,0.44063114275089,0.0485171708193291,0.184161551068026,0.167402757330815
"73","24041",0.0959444562631752,0.353936604328234,0.241127893708782,0.37579415501906,0.281766200762389,0.261252352547131,0.129892500558232,0.198662846227316,0.0414069877242682,0.458923512747875,0.0109065155807365,0.383355704697987,0.0716812249608287,0.159359372507811,0.171228057007215
"74","24042",0.501006582731514,0.216686904837988,0.14772799897744,0.32585635359116,0.483646408839779,0.18214202965709,0.131371640407785,0.019159483721138,0.000796495420151334,0.672905880791185,0.000663746183459445,0.336952908587258,0.039241420618702,0.194929885138468,0.147276442815869
"75","24043",0.087407000120277,0.300142614134263,0.312221859482122,0.348276591245506,0.364347642207655,0.218627602158828,0.167740940632228,0.166276122614892,0.0152586527726089,0.477391142538147,0.00609415705247488,0.378080456129237,0.0714331711176324,0.154825533793916,0.188081285705086
"76","24044",0.271913060378336,0.348471106504276,0.208117387924333,0.320457646688359,0.417550120709562,0.121605901546319,0.288097602496808,0.116877830356689,0.00446319093628918,0.458972975624111,0.00416891461081956,0.378561908992829,0.0595088344009444,0.126032937897935,0.235713041627155
"77","24045",0.504568433746116,0.214152095604718,0.159176290524558,0.348690064260999,0.44448838358873,0.183746070266395,0.146930671226077,0.0434385598747717,0.00142094385118843,0.622588701343438,0.00163623837409576,0.342839905665551,0.0507514628362817,0.170166669509886,0.170635800678961
"78","24046",0.102712348322627,0.293671187247204,0.175089221984297,0.314524291497976,0.412575910931174,0.277515574853691,0.0687181423447234,0.0120860927152318,0.0333023966806791,0.753889829120489,0.00480428017688486,0.341774891774892,0.0433969605914525,0.166940487256534,0.175317235564971
"79","24047",0.354198828430647,0.281430414278766,0.219637532514222,0.368816930137685,0.251912289648139,0.279633216078416,0.0598395320343069,0.0139876718824087,0.00139567341242149,0.795243079785997,0.000581530588508956,0.379376762743345,0.0569738516387147,0.150401797484897,0.247440762096913
"80","24048",0.101316099498468,0.261099330169309,0.300801104042546,0.339237967914438,0.46780303030303,0.235431235431235,0.0832287370748909,0.0356467148262814,0.00569154399178364,0.567827798699076,0.00171174255391989,0.328132092600999,0.0439431543875157,0.213638527181858,0.107520484139666
"81","24049",0.108500094963482,0.325431220539738,0.246835989433154,0.282246231826064,0.575296785380819,0.178547251557,0.187584619550501,0.0803110160204561,0.0107410833590297,0.435245143385754,0.00246685168054271,0.376618525896414,0.0482563310875055,0.184386214229483,0.155759577143675
"82","24050",0.096078024486408,0.27323662019657,0.234507347808863,0.363839285714286,0.390625,0.268959205020921,0.0621077405857741,0.0343367826904986,0.00392138555622987,0.652864011950889,0.00107371271182484,0.331128331128331,0.0482955334734814,0.192533871699651,0.139793111751141
"83","24051",0.289868610767013,0.284344983043275,0.242024247101111,0.362,0.284470588235294,0.256440364360945,0.0782095075434102,0.0111080860332154,0.00084939215373998,0.823273345012475,0.000530870096087487,0.360007813517385,0.0494624556408136,0.145770305777424,0.24139772001633
"84","24052",0.37878504089405,0.503361012257809,0.0808307839587105,0.308592275757957,0.373002893445716,0.170247881423176,0.309804170501793,0.486699810363385,0.265099847897552,0.0943525832883568,0.0238948039841028,0.4714822305692,0.0569589624467673,0.182975222609369,0.193863724351529
"85","24053",0.143701664954548,0.576725524780493,0.217645804663423,0.281710110153779,0.386737921256407,0.128337223202596,0.359224682643593,0.379000304785126,0.21133548604752,0.0741722492650248,0.0178803797773387,0.44384858044164,0.067588164688399,0.156705469925886,0.179854059100349
"86","24054",0.0953483573672024,0.33464774524863,0.441138036176895,0.307804440457502,0.310047095761381,0.132343754647946,0.367671118779189,0.39225181598063,0.145521096107236,0.166839788296978,0.0276499975268339,0.409236289882206,0.0590177102107985,0.161331400360473,0.141397617741556
"87","24055",0.0470750443175103,0.519814851290132,0.258656687019894,0.345999412398394,0.207521300558222,0.235800499653854,0.22902808295458,0.407433745792443,0.101289970930233,0.307276526162791,0.0485555959302326,0.398338525441329,0.0668171557562077,0.153498871331828,0.135395033860045
"88","24056",0.199880352106658,0.586599435945646,0.163815058542005,0.316267758863433,0.468322027390247,0.213977485928705,0.216697936210131,0.38529826209488,0.211887266300809,0.0966421728211329,0.0201376616128732,0.466134432140098,0.0534133920266699,0.169127059408585,0.174468398611252
"89","24057",0.139177644710579,0.545373253493014,0.22499001996008,0.290277023356871,0.480282455187398,0.229942349267355,0.175504443910641,0.0786418783276599,0.142199244037016,0.262545075379068,0.00251987661293826,0.40057137026834,0.0464377526378201,0.19583488414365,0.138404410937324
"90","24058",0.439742825375852,0.214666688151598,0.220532074316376,0.312035341019287,0.479150953561039,0.190374393344118,0.133059856713658,0.0241365515402054,0.00328702283385195,0.645965727308586,0.00043826971118026,0.33286257468767,0.0404551091377382,0.191435484290583,0.157918014447634
"91","24059",0.217888503165203,0.288970984090445,0.270406742532534,0.348699311400153,0.251052027543994,0.168928171293415,0.242095107680817,0.0946147473073737,0.00457592848781526,0.525540065978504,0.00510801319570076,0.330052663385997,0.0768454752272423,0.101396909710427,0.238720237176122
"92","24060",0.108156599346736,0.272929413749214,0.232583459845732,0.328633405639913,0.468112798264642,0.236090488252249,0.0973593035781873,0.0735828408842197,0.00242802636142907,0.589576829691294,0.00216788067984738,0.369782066572699,0.0532886461151414,0.171066462185308,0.171798804128685
"93","24061",0.315693399525735,0.246737294641486,0.242472320316632,0.357596640465166,0.289006137611715,0.260462393912789,0.0813253991480506,0.0231152376807389,0.00537254347518733,0.722041566520571,0.00179084782506244,0.356903565446279,0.0617295462598609,0.166679099606497,0.214374965032357
"94","24062",0.105071839575509,0.323657099541743,0.294783447610516,0.327337686337317,0.454478255513121,0.239843514896178,0.123683418597653,0.0831972284088097,0.034273106153469,0.421083598921304,0.00862956607011522,0.378091872791519,0.0568659253903426,0.17411525609208,0.154134015984992
"95","24063",0.0845967841572974,0.26356849109554,0.30141024057045,0.347629332510542,0.328910829990744,0.262829038943364,0.077824863125986,0.0373711340206186,0.00325762374445752,0.612795222151841,0.00230748348565741,0.33490033847311,0.0686543742644174,0.161293198758872,0.185010164413852
"96","24064",0.0430273420759407,0.206874089311734,0.491505956972658,0.33580721208417,0.268401292237842,0.152093545471972,0.280581646904182,0.214865380943288,0.022330806466344,0.351173623161933,0.0101379121380948,0.307039440838742,0.0679002864190392,0.136161984874906,0.12843680258771
"97","24065",0.119174690508941,0.409408528198074,0.235249885373682,0.307190449750139,0.54705719044975,0.209604175138945,0.157279381862546,0.221966589976993,0.0253202263926125,0.381938238506603,0.0113196306225797,0.413108416798454,0.0452579852579853,0.193808353808354,0.127764127764128
"98","24066",0.167338005113208,0.27552465559418,0.286523570416966,0.364395306859206,0.305166967509025,0.295236748116977,0.0759220623077195,0.0418100830127556,0.00138169257340242,0.737231680236862,0.00310880829015544,0.350507313216498,0.0620295443701129,0.165201133475505,0.198650346177442
"99","24067",0.108452290265956,0.331566919484649,0.290713079190541,0.341286749041329,0.370472944184065,0.258313780697638,0.0931331143438136,0.034645015454168,0.00568621207296547,0.582723013237502,0.000909793931674476,0.348873914891034,0.0603021854483317,0.168810144797194,0.179242737656264
"100","24068",0.195065707909745,0.615720307463427,0.115199603272998,0.349793672627235,0.350481430536451,0.201257641921397,0.267144104803493,0.548604174333631,0.16049006151187,0.199735651466626,0.0471252096995577,0.469551186278611,0.0542862346703363,0.200095114744809,0.160025498846481
"101","24069",0.111315712649615,0.647324335855921,0.148458377310188,0.397274393037105,0.224690792487403,0.309272102888694,0.123527035216484,0.501451115545075,0.0455514118273841,0.445613567749956,0.0457733972651394,0.46550257951131,0.0644366321591351,0.204041974349009,0.179397943680882
"102","24070",0.162722445586713,0.415203487878942,0.207728976877534,0.352645580845403,0.261208000788255,0.25533462657614,0.0724418040737148,0.0144588460998549,0.00133788521867503,0.778603063295811,0.00304484222181214,0.353979156797726,0.0656152506711166,0.139256693027643,0.239652107668867
"103","24071",0.0996506053465507,0.291785162915414,0.304314617697245,0.353936642245382,0.322773707563719,0.291716235677165,0.0709097739653121,0.0312912776132999,0.0416722859069454,0.526320521465498,0.00112384805574286,0.359058660667936,0.0615549607360006,0.158429794550901,0.202790137025154
"104","24072",0.127783435166327,0.389630006788866,0.236676849966056,0.356025854879066,0.319641367806505,0.288970683197727,0.0861746093245512,0.0377970262633749,0.00674167539743999,0.638910399489819,0.00291531909078486,0.352347209920283,0.0650986602362807,0.169517451119769,0.193541421103303
"105","24073",0.0940837696335079,0.297923211169284,0.373647469458988,0.332952924393723,0.242700903471232,0.210501599600834,0.169117431246515,0.0997904163094217,0.0100173817583021,0.542631049309304,0.00946848412771018,0.358895285087719,0.0786140893718069,0.1407677916097,0.208228394617543
"106","24074",0.138078378708338,0.466212916615798,0.223217555853986,0.312056737588652,0.51385195035461,0.220053342712272,0.15231982180017,0.141278375149343,0.0980805737186248,0.225311115798355,0.00535751951065176,0.40499950597767,0.0514145285883231,0.196515889857163,0.140362501782314
"107","24075",0.113495985176035,0.279939606066845,0.256125180152357,0.320264582080577,0.494768490679495,0.238138259758871,0.0943954640331475,0.0902191100067766,0.00476918923782957,0.567308557545217,0.00292450283451813,0.35935759920286,0.0455299126148331,0.203450593771006,0.119560833520054
"108","24076",0.186286055499345,0.302277364029923,0.318349947751663,0.329200189304307,0.262091812588736,0.221167948756323,0.134245263252417,0.0393877259072052,0.00169748130476671,0.68091939257696,0.00211038216268294,0.352913937950652,0.0777722481111161,0.130118083518074,0.24186761978012
"109","24077",0.118571086835181,0.508153257316003,0.234371262259788,0.286408195707851,0.340280844299214,0.130840889330518,0.368550490622283,0.358754512635379,0.20113389732914,0.13150551446162,0.016831288479426,0.393277078434085,0.0655857804446228,0.107623474825352,0.13287225599386
"110","24078",0.133632666580792,0.461549785620963,0.209613013635611,0.371144063210304,0.296677129559476,0.247238742565845,0.156298184335568,0.352865940312648,0.0558414590104731,0.362721198988805,0.028665583243048,0.431147827098726,0.070262007562552,0.151385126981147,0.212395076295959
"111","35001",0.344078000959028,0.558687196973733,0.0822277869536647,0.25422138836773,0.61833288662557,0.263085657246241,0.184135005302889,0.390560471976401,0.907516147974163,0.000922741380756648,0.0150994044123815,0.474000375445842,0.039021700076038,0.197698805952689,0.109711974731987
"112","35002",0.237347126214531,0.341059602649007,0.399187895779958,0.319594980034227,0.343981745579007,0.330826716487623,0.0821578701541336,0.0439405585447092,0.659739434381951,0.0391483952971084,0.00197013028280902,0.438867266138773,0.0461733955688638,0.144747933520375,0.242819219204107
"113","35003",0.451922322479404,0.473362102785406,0.0571204393879953,0.209084354722422,0.645854361932228,0.199322704387437,0.293574682330376,0.496834742573819,0.865287014350718,0.000525026251312566,0.0470773538676934,0.486489991785915,0.031416247928003,0.189365339720725,0.116292188462773
"114","35004",0.464137330009526,0.371050444863298,0.117792505218784,0.283368644067797,0.561573093220339,0.304858572594669,0.122901657380133,0.151672380246456,0.929475088558679,0.000368036067534618,0.00565855453834476,0.451446547367335,0.0452482477169994,0.195770730011163,0.127234961477225
"115","35005",0.417354308894825,0.415652518056792,0.102938557435441,0.297231165486156,0.477141017385705,0.285449119231329,0.140813801135536,0.111709149994922,0.930447835876908,0.000450337753314986,0.00310232674505879,0.446194073213248,0.0565047426280906,0.158153748462118,0.163015438345835
"116","35006",0.342747734479233,0.507355361876873,0.121307157832724,0.349617992037017,0.360486387603573,0.320413967992872,0.1044857955519,0.0825335892514395,0.920927439841116,0.00161655350792111,0.00304835804350838,0.444041320231796,0.0582311933293844,0.14566911195152,0.2285050348567
"117","35007",0.164307581487484,0.49447145687016,0.308175760849991,0.258934517203108,0.456714761376249,0.206514335252957,0.292959316366338,0.325750810734596,0.856065136390818,0.00110400662403974,0.0221261327567965,0.452081918986196,0.0605199693060986,0.175256696020755,0.130951510943837
"118","35008",0.336722850222043,0.486399878885749,0.151216188938232,0.34962962962963,0.458962962962963,0.329115836386298,0.159232541451071,0.478000896905675,0.920680025476459,0.000881877419038754,0.0282690705991867,0.470018665422305,0.0528014080375477,0.182311528307422,0.136208076659822
"119","35009",0.235411228597974,0.523204884307393,0.230057956908375,0.266412767500907,0.650163220892274,0.337268015382043,0.211335897007189,0.597485064962192,0.880825182871702,0.000369852880742993,0.0744226185583957,0.492098184263618,0.018155737704918,0.220409836065574,0.0983606557377049
"120","35010",0.329859236806046,0.483681435037163,0.164971141469086,0.285997862269049,0.60222934799206,0.317100130039012,0.187126137841352,0.500085778006519,0.900534668590342,0.00101841636255623,0.0462955104812017,0.483121889989689,0.0314774073447284,0.189075985784397,0.118928752750042
"121","35011",0.350365124054197,0.520873658279078,0.106523843040648,0.315954118873827,0.471063607924922,0.290370142835202,0.207679311933651,0.523109243697479,0.901009429651477,0.000996967557014082,0.0453620238441407,0.478760689751858,0.0420833745915437,0.181206060005941,0.131861240386837
"122","35012",0.30111986727499,0.558919765887829,0.12442969722107,0.271010248901903,0.63294289897511,0.282125368776423,0.210347030019161,0.547252403658251,0.901352549034719,0.00096335401333282,0.0421563716234442,0.483833430305045,0.0270769230769231,0.233846153846154,0.0791923076923077
"123","35013",0.408932861297256,0.306960424832469,0.248372107725376,0.317720145942215,0.421851888373928,0.325734065409406,0.113332537598472,0.125323808776199,0.947805502735845,0.000271644223679615,0.00620901082696263,0.450914404640659,0.0521888622828022,0.176099036041014,0.17629090685823
"124","35014",0.466813413097119,0.388386913532033,0.111302433742211,0.339886071707807,0.360437842064113,0.320200125078174,0.106142728093948,0.0750773625327303,0.942597475984178,0.000235449237144472,0.00598041062346958,0.454836857716965,0.0501954884425004,0.151329414277621,0.240854762767113
"125","35015",0.424821683309558,0.459757489300999,0.0910271041369472,0.285614594756256,0.537633336656365,0.22839197376466,0.208076260352398,0.220279139320429,0.905458730680697,0.000452153896744492,0.00628904965471884,0.463553826199741,0.0573956811170645,0.145802890079558,0.225077122909563
"126","35016",0.386452689401751,0.431654136747971,0.138679015354619,0.305775500698649,0.478341872380065,0.341936583702693,0.121002386634845,0.204376657824934,0.929199282809289,0.000262386845672804,0.0164866401364412,0.454232452904432,0.0490200323913288,0.178412132024978,0.152819517940812
"127","35017",0.417097996959843,0.372342267803198,0.18373708414308,0.348392210144928,0.353940217391304,0.364330171902786,0.0931016597510373,0.130936550151976,0.907852193995381,0.000646651270207852,0.0161662817551963,0.461824205612168,0.0509948092940092,0.16753482516717,0.206123026117735
"128","35018",0.105538076798967,0.442622620200065,0.413560826072927,0.300291545189504,0.408836061897286,0.280885707045109,0.250190065889508,0.422691343743975,0.813718679079246,0.00115788986151637,0.0770228335880691,0.432318415260455,0.049966351073539,0.124270555806514,0.12864952568842
"129","35019",0.292271809175724,0.578243724151198,0.103563527940752,0.342911102117901,0.366248482395791,0.241475911386339,0.254082347303623,0.549944812362031,0.870360523237265,0.00143571200680634,0.0406785068595129,0.471777094643208,0.061007200329883,0.160606477124943,0.181382759386333
"130","35020",0.37820386543218,0.514238185917219,0.0852758990522468,0.301916932907348,0.429220938805603,0.178772218751775,0.328638764268272,0.667721210941302,0.860554488059292,0.000960746637386769,0.063592277427029,0.481224330138862,0.0488753225044515,0.133226134670591,0.190504742178131
"131","35021",0.375954273186392,0.537759855929217,0.0602121912069843,0.238888888888889,0.546640826873385,0.155554169525354,0.385205513628142,0.407269244341382,0.837350578091319,0.000783852635704488,0.0275818146188517,0.475594493116396,0.0459964100362898,0.186424474187381,0.152183244234596
"132","35022",0.462804585532084,0.391110155332418,0.0727531389058907,0.236172695449242,0.631038506417736,0.297412517022914,0.146308247972053,0.194720643939394,0.928602251775136,0.000196147659958417,0.0098858420619042,0.466645025158254,0.0373527141152709,0.185554871059055,0.13903943479651
"133","35023",0.451304821998909,0.357544597647425,0.160302251304822,0.26492619519718,0.607072042300066,0.273624823695346,0.133905184076451,0.154743902911868,0.921052631578947,0.000462356476843646,0.00524004007089466,0.458804191493733,0.0403065590806284,0.192401736047436,0.138952564337673
"134","35024",0.426369371952968,0.488923143102954,0.062822626899914,0.259006928406466,0.503002309468822,0.19406512605042,0.328898225957049,0.397936926292829,0.86993414946745,0.000795509789189906,0.0238210986874088,0.473240469208211,0.0556405437300581,0.179028803706456,0.16460509637659
"135","35025",0.492210141745561,0.309873008624172,0.154058279029737,0.326470588235294,0.442307692307692,0.32602394025168,0.100808239266105,0.128106482709826,0.94895714159993,8.80049282759835e-05,0.00712839919035466,0.461992046441468,0.0456749991308278,0.186350519764976,0.180005562702083
"136","35026",0.356874989674712,0.208802101402587,0.414200987923543,0.286288570186875,0.556279878313777,0.282896892781601,0.153245747311347,0.124054772123442,0.881866698768107,0.000521648408972353,0.0082259941414871,0.47191909501539,0.040775816712106,0.174901548125827,0.170437333588431
"137","35027",0.373288890327174,0.527685188181612,0.0790589301317109,0.286644951140065,0.521060316747164,0.231939929226963,0.261140999453379,0.419329526134531,0.889643609475087,0.000816817849619535,0.0258802287089979,0.475730431927965,0.0502448696005829,0.14586263577977,0.212121468878684
"138","35028",0.324486885347554,0.536956656538724,0.108978731320146,0.286535656054235,0.461426242169398,0.196132391223503,0.2827321185075,0.387265135699374,0.876148043928557,0.000742564583577598,0.0252862781881424,0.452078977932636,0.0679418349718394,0.130693130669889,0.161449012635477
"139","35029",0.229959109927729,0.624072841384557,0.124096614682389,0.35894341646554,0.360418342719228,0.356522324735672,0.162266819314432,0.596799015081564,0.901130787283977,0.00149349263921485,0.0510774482611479,0.479937100097603,0.048881735005083,0.184005421890884,0.142028126058963
"140","35030",0.434822554494686,0.391424968474149,0.14013691226806,0.24990099009901,0.630759075907591,0.254467690063327,0.161665727263685,0.199863263445761,0.938684151028713,0.000587836310196699,0.00926972643002487,0.470198675496689,0.0316931526583532,0.19299509296358,0.151172736685725
"141","35031",0.364125099340844,0.532763000015583,0.0792700980162997,0.286377349733117,0.496286841494546,0.307613027346434,0.116050570289955,0.0512652908768326,0.239108362562304,0.0997784751707587,0.000923020121838656,0.435374149659864,0.042100477381223,0.164355535348943,0.178449647647193
"142","35032",0.263453941718669,0.490968683803744,0.120112211599015,0.296911421911422,0.493006993006993,0.25458628713675,0.233724768656313,0.218602841019654,0.896085028291788,0.000535250038232146,0.0134959473925677,0.452386227677582,0.0497746483147943,0.172010865441522,0.145871587477427
"143","35033",0.441400250044651,0.36590462582604,0.136185033041615,0.327027967970291,0.436462806081003,0.337553332867035,0.0811009302650906,0.0984501913920269,0.961721164045566,0.000138357238389522,0.00737905271410783,0.458982638401423,0.0465563783606318,0.158911830153577,0.206699376208368
"144","35034",0.448264708736294,0.317527573826697,0.194262056473785,0.333903926393495,0.409115224136086,0.318243113080331,0.0919861298401079,0.0802883532327101,0.951461936174006,0.000133713674451774,0.00151542164378677,0.454608665420886,0.0519059988065569,0.130971603074871,0.255493348309874
"145","35035",0.146483947131417,0.333909402916048,0.455638585302923,0.319188191881919,0.236053831126547,0.324520128463664,0.170326387332885,0.241632953291651,0.892891918208374,0.00133244503664224,0.0294162865781787,0.411689556052379,0.0827148037521353,0.143152552870543,0.143602089847457
"146","35036",0.252622586028769,0.389851386791703,0.327127870936978,0.335984324573536,0.386237897648686,0.355829303589707,0.111150330027179,0.280899403839835,0.931573802541544,0.000605129637387702,0.0229483777870875,0.455926389720695,0.0597136710926489,0.154198501594837,0.192864030858245
"147","35037",0.256972742018436,0.334948767654389,0.358942912529177,0.323458968864238,0.427328879364679,0.326843188960734,0.113896615251237,0.263998441912552,0.93426936577391,0.000625090157234216,0.0188488724335241,0.46105527638191,0.0530144836332084,0.15990159901599,0.173727318668536
"148","35038",0.318261372212142,0.476789929189614,0.162671205382232,0.265446224256293,0.54450198723353,0.217956901006048,0.249779641956172,0.264006317941094,0.916276557436082,0.000450126035289881,0.0134587684551674,0.472622617780787,0.045521305209513,0.158860065118913,0.201019252548131
"149","35039",0.419282286081491,0.423800630560074,0.12747755888909,0.336573026228199,0.396085740913327,0.312788660614748,0.0916547220895047,0.0632635253054101,0.943115883086601,0.000488042947779405,0.00135567485494279,0.450386183222484,0.0492404566800589,0.153021742126297,0.218216318785579
"150","35040",0.449377628981028,0.397098463387415,0.129521847368873,0.310226098932629,0.444049122001607,0.302641323130091,0.10247910568819,0.0767455279861512,0.952424040384799,0.0001428707495952,0.00642918373178398,0.463419239120174,0.0423196021394389,0.166041099746645,0.224031153232617
"151","35041",0.392100816449,0.51287841700488,0.0681111128657834,0.217502887206467,0.690876427563198,0.180960575238915,0.278554527855453,0.237992667277727,0.69933366574498,0.00376229545351525,0.0144145777616609,0.467772229602822,0.0373558038932949,0.194980173035328,0.135589401586157
"152","35042",0.284566857440167,0.355033818938606,0.338839750260146,0.312980452448935,0.419064353173732,0.382679296346414,0.0914073071718539,0.0413955757970072,0.945145982466018,0.000723879996782756,0.00627362663878388,0.420377590806485,0.0357279877230002,0.214687639874672,0.145789372722041
"153","35043",0.441977837106389,0.473759280254544,0.0653000768021066,0.20966283425914,0.671877018473065,0.24789467774534,0.236975072984505,0.420663068619892,0.902096036585366,0.000571646341463415,0.0359756097560976,0.485632295342614,0.0265540361377325,0.212470169324596,0.110723891056479
"154","35044",0.226965882138296,0.553746275010643,0.170057167183604,0.312845303867403,0.413082083662194,0.234712623567492,0.229609541305806,0.136512575274531,0.857291757144098,0.00230174585251455,0.00547207504560063,0.442552530793914,0.0632109100499392,0.146584654126575,0.194779782717814
"155","35045",0.303596021423106,0.487834736036725,0.166029074215761,0.337720252338482,0.362410267565804,0.296147507210548,0.180950418898503,0.237522608398103,0.91077336146138,0.000527400872608717,0.0203768518962459,0.444281438882695,0.0642706492618138,0.149204811035741,0.16678067225294
"156","35046",0.43290215727793,0.427639992452672,0.0975492148682362,0.265002255978343,0.613024514964656,0.290994152046784,0.165458089668616,0.195048800325336,0.927305678614579,0.000503423278292388,0.0184756343133306,0.473384513701764,0.0295405574476958,0.21388356552046,0.136432692212215
"157","35047",0.366806749043467,0.422651529406845,0.15555416170106,0.31151832460733,0.504973821989529,0.28850466613615,0.161216812558779,0.250548807258891,0.924814193239031,0.000383601054902901,0.0167345960201391,0.456756467821253,0.0455326705219877,0.193098405644342,0.122069338802951
"158","35048",0.502102443092099,0.294377517165516,0.170289019392154,0.312142943964993,0.444268870791297,0.31060084748832,0.102966209119554,0.0916990291262136,0.947911665866539,0.000336053768602976,0.0042726836293807,0.464087061668682,0.0393521375473507,0.173215862376698,0.197520198232239
"159","35049",0.478668763102725,0.33761355695318,0.141037735849057,0.311046157593472,0.466082085007916,0.271837455830389,0.123144876325088,0.0637751246788575,0.875625125025005,0.000450090018003601,0.0010502100420084,0.453665011553021,0.0490996752927285,0.148873364164125,0.215684345173669
"160","35050",0.473775604224254,0.405556736834645,0.0836699978736976,0.328649031648559,0.41828058573453,0.289454857633424,0.113785949348977,0.0721419518377693,0.880971578310824,0.000604716790969563,0.00120943358193913,0.453149626315522,0.0572374833409584,0.139587850337159,0.23262984106777
"161","35051",0.272006575943008,0.314439674856151,0.37782445885469,0.370288713910761,0.342782152230971,0.347645566283323,0.0992519853692292,0.219175151878155,0.925230093726252,0.000759942582116018,0.0181964029384447,0.445298013245033,0.0593887851875413,0.173688131450526,0.147530280328459
"162","35052",0.31102674612189,0.50453548256601,0.146613558214436,0.302921348314607,0.341123595505618,0.232292419255573,0.255973883492548,0.241191720855115,0.900109413624022,0.000486282773432751,0.0184382218259918,0.446052217678515,0.0584706689427418,0.137960466489048,0.170625867487755
"163","35053",0.353330295323916,0.458156320284593,0.148279359666015,0.30667573608007,0.452336993489457,0.21832406498746,0.236888016573983,0.219203708975558,0.904782834538698,0.000559395852479322,0.0124265792943621,0.461700129678487,0.0553088573467608,0.169732772975973,0.177702006185077
"164","35054",0.427701470563632,0.492128553025614,0.0610141702775501,0.231395640190428,0.64144324730644,0.238903090866837,0.247908435974901,0.427867130041219,0.887258038713806,0.00051991681330987,0.0435530315149576,0.482670644110374,0.0317695773575327,0.19827230613022,0.151351694377459
"165","35055",0.323144410481368,0.557155190517302,0.107217024056747,0.27831541218638,0.540143369175627,0.311123388581952,0.239779005524862,0.656063105795009,0.813253924191188,0.000302831474284561,0.137535961237571,0.489780507450665,0.0397161832091887,0.15013423767133,0.162447768424877
"166","35056",0.493689680772086,0.433315275186099,0.0507233291197656,0.240533333333333,0.5696,0.232269251542113,0.295602490121948,0.626893070215695,0.83546105057733,0.000284599121808424,0.107822410147992,0.489214840379638,0.0331257399568595,0.17491363791174,0.136881882612433
"167","35057",0.453841161677618,0.404396852437738,0.108826153970958,0.227814006237596,0.670116246101503,0.203341225115876,0.254860115375638,0.356343450622258,0.903870768415942,0.00101513880919804,0.0151829456680055,0.47415903527065,0.0292743638961198,0.253959489188644,0.0958428650311588
"168","35058",0.336168325233356,0.54717272236365,0.094885443184448,0.315838581758806,0.458012596221134,0.22226375797709,0.278203519265173,0.646524799067172,0.8872759353571,0.000922324257127962,0.0475999518787344,0.480801770141872,0.0431721519595672,0.150381661046544,0.142331936979872
"169","35059",0.35350655854537,0.542288653042356,0.0863108423059884,0.325383707201889,0.426210153482881,0.272390068800479,0.211725994615615,0.578936051262203,0.889929054195878,0.000881575080811049,0.0473111960035263,0.478194515099662,0.0507050455471902,0.160018302067302,0.177030905536375
"170","35060",0.392360922904584,0.497226588613656,0.0940611053896327,0.247274195719478,0.603311347422264,0.201362435701376,0.296010009731684,0.56187849920615,0.888193165541232,0.000695723347657049,0.0294659300184162,0.486215538847118,0.0316171671018277,0.179911879895561,0.123572127937337
"171","35061",0.412245035682351,0.477097498017647,0.0798846017579674,0.270745348704486,0.541490697408972,0.23270037278658,0.247903075489282,0.372514899725932,0.891794254257698,0.00111818338207466,0.020256322036814,0.470176920550002,0.0520247947958176,0.156202104832942,0.175104730765301
"172","35062",0.264393528561099,0.591219269703543,0.123147143890094,0.290971394517282,0.525029797377831,0.275775434243176,0.241470223325062,0.622386117136659,0.895396778169762,0.000850087133931228,0.0470098185063969,0.486056338028169,0.0348443843031123,0.183229025710419,0.113497970230041
"173","35063",0.403953642029322,0.478437114948481,0.0900016071715566,0.235510705032047,0.646256648029456,0.224808946327934,0.254580862175799,0.473046169718855,0.893563832041015,0.000932163891360536,0.022287191220711,0.480953649440597,0.0346150920110565,0.176329870415297,0.114960989340749
"174","35064",0.361268647515719,0.524241770435211,0.082049069165331,0.244330023292877,0.658207674390094,0.191334681792865,0.275203001788175,0.270873495266247,0.68122621564482,0.00435517970401691,0.0185200845665962,0.467237629146275,0.0392074552934262,0.202627823020737,0.119343464024851
"175","35065",0.426059081892887,0.451756871635024,0.0851161802210258,0.233583132224057,0.61132986155214,0.23974549048678,0.219390906844576,0.299630032644178,0.896520657256854,0.00047192071731949,0.0224805868977648,0.472252949852507,0.0465857023624998,0.184682076001976,0.129537208945817
"176","35066",0.297136169123295,0.356845031271716,0.314875096009656,0.340964931874023,0.357158811704266,0.327267733296711,0.114365172011261,0.125094482237339,0.881724922248526,0.00199600798403194,0.00505964814556933,0.452375867592098,0.0567999486554136,0.150228758469565,0.200564790449907
"177","35067",0.420871258364111,0.344887268006985,0.209006196782618,0.341454611081032,0.382060999819527,0.309651800426808,0.131824198384613,0.204622963243653,0.923434997951812,0.000595836591814695,0.0090865080251741,0.459544956807397,0.060311683737857,0.143772194993103,0.224187773310246
"178","35068",0.488224727086089,0.327319027972442,0.114535009969007,0.274500975536545,0.574065736154885,0.259102691924227,0.155732801595214,0.133754726564705,0.938956900888814,0.000111800547822684,0.0035776175303259,0.470189774743293,0.0359431075100729,0.169972918822519,0.199365904137035
"179","35069",0.16738948954452,0.428012949728178,0.377822572434997,0.291317643930328,0.501927935115011,0.293788625518266,0.0920754126574357,0.0302443224625982,0.478624684868315,0.0163063884567934,0.000911870407123317,0.44484668970435,0.0383376700934181,0.164334769440771,0.174838971121444
"180","35070",0.29309462915601,0.518813299232737,0.162373401534527,0.313432835820896,0.383304715361247,0.278522941032142,0.11683160219187,0.0455937590291823,0.714905768132496,0.0058252427184466,0.00142775556824672,0.441836928331963,0.0533142670554986,0.148345399885152,0.205150146937948
"181","35071",0.39562011665016,0.425144240594884,0.147950761684667,0.325311844574456,0.453692460536483,0.29297415596537,0.115895851437031,0.102962625341841,0.934783589836169,0.000180529855124791,0.00126370898587354,0.455504546658427,0.05106216418176,0.139976159128919,0.241744653595702
"182","35072",0.424972566959801,0.493887454986631,0.0591935458943171,0.214443027703721,0.629071519647618,0.194637509958518,0.294936952281531,0.33976833976834,0.865017433172837,0.000581105761248547,0.0159389008799602,0.479645716232328,0.0399427735004921,0.165932039396972,0.179411691737717
"183","35073",0.433285084545036,0.467382722547536,0.0724554246989934,0.190234469422287,0.714527435339618,0.179016591915912,0.306578983573178,0.349680593580129,0.874946232354436,0.000899386071247018,0.016697297931412,0.480199212788176,0.032732146454082,0.223004694835681,0.102806055253413
"184","35074",0.381669577826846,0.273341462610816,0.318673170088653,0.339482325671238,0.396465134247634,0.349529212940608,0.0914111540318687,0.148713213152929,0.932310756972112,0.000836653386454183,0.00458167330677291,0.437411526794742,0.067132624404405,0.149766495219463,0.18029566753968
"185","35075",0.144940397350993,0.426635761589404,0.385403973509934,0.279166306321889,0.456715385280636,0.140852105289446,0.394935317916188,0.209066881691529,0.569572884855263,0.00606477697965504,0.0149683857370209,0.421250072141744,0.0586675477388638,0.118944746607025,0.154399430691811
"186","35076",0.305444427347797,0.596784120633944,0.0796917474483254,0.231920471924842,0.686475857548613,0.206811731315043,0.246790106771185,0.185954343690552,0.427660830218375,0.0288412354908519,0.00680700373795003,0.462995612776252,0.0421340650602973,0.180307294143326,0.138329136816832
"187","35077",0.243020000309363,0.600643474763724,0.11570171232347,0.297389089365315,0.457758437699002,0.229369720597791,0.277368138542814,0.333174348523609,0.607481317580261,0.0164906274788127,0.0244228280382416,0.45848771069248,0.0540649936394125,0.16087330040146,0.166779560210808
"188","35078",0.19112935048536,0.575708310314892,0.192470996764265,0.301221434200158,0.384554767533491,0.227405072790035,0.286837760768423,0.254305204407766,0.455151321495412,0.0354224677043867,0.016296161044415,0.432566974520207,0.0712504932381533,0.129318075833124,0.187340818595975
"189","35079",0.300303593851827,0.559486910495446,0.098469314768013,0.314237216210482,0.426479949077021,0.219202354495766,0.271127395038741,0.288135593220339,0.69019929766954,0.0077529985862179,0.0181055319925206,0.452559688434837,0.0619204735463219,0.143512433273425,0.202124520507524
"190","35080",0.45674582233949,0.321882145998241,0.165452946350044,0.329399977735723,0.447845931203384,0.349909205196256,0.0908297248219025,0.099100711377567,0.954547472147011,0.00026632340538861,0.00399485108082915,0.455816345614363,0.0462694437121012,0.178047280077335,0.185517180771597
"191","35081",0.130465962060546,0.420424471118548,0.402376765072481,0.268519464595892,0.432921222029222,0.162986299786115,0.341204693912943,0.328468208092486,0.81549677539957,0.000841200112160015,0.0229460697261426,0.429106080127615,0.0613023298561647,0.147006111851477,0.133587610863471
"192","35082",0.43304276604458,0.38879463328068,0.101074513933579,0.340673088952834,0.382459652195671,0.30128180746263,0.117987143889544,0.0782361308677098,0.942231829235342,0.000162118346392867,0.000972710078357201,0.449901768172888,0.0572046017924109,0.123890336659675,0.262134790991335
"193","35083",0.429210622745945,0.375691886366705,0.149582457426086,0.331159420289855,0.434541062801932,0.36863923328516,0.100973606145889,0.0868717607341543,0.95244590780809,0.000188146754468485,0.0101128880526811,0.462896469180132,0.0396170812173333,0.189744967935649,0.181775215924677
"194","35084",0.350680773045595,0.438204442307114,0.186904511436386,0.331817722542185,0.375770435485501,0.27517306006469,0.147516701429824,0.0885110093743187,0.927152317880795,0.000215016771308162,0.00232218113012815,0.449097507401394,0.059022136474411,0.142076225291091,0.232026807473599
"195","35085",0.38186919995267,0.503000388782772,0.0920569989350733,0.242218153282762,0.624901909495161,0.253386128657176,0.183715156657553,0.303291184647117,0.917521634400928,0.000579891158890178,0.00887679543224195,0.470733678855024,0.0427191514604195,0.161403135984134,0.152239545981744
"196","35086",0.4582830350426,0.326562746024248,0.0856033170629297,0.334148044692737,0.404795158286778,0.307768340899107,0.110777566261532,0.0553892215568862,0.874142325034307,0.002695549892178,0.0015683199372672,0.452154218355896,0.0503405961640659,0.160056041354655,0.20899560365235
"197","35087",0.433184696516197,0.46895933866797,0.0804267709160507,0.266632548618219,0.476842374616172,0.206650484017196,0.299827450062878,0.613351358911006,0.862114577631819,0.00050173326035395,0.0684637839810254,0.485048150025342,0.0493297149132759,0.135327699973679,0.179801591983808
"198","35088",0.468643967656443,0.437431421867351,0.0613109606846841,0.196982515510434,0.720671178793006,0.20043385441774,0.246608360305764,0.153698508784881,0.676927587217825,0.00317599921821558,0.00684061370077201,0.468211698095101,0.0302182319905167,0.205503410482131,0.131561048601799
"199","35089",0.375701064402424,0.431838308068969,0.16514733204841,0.345913261050876,0.337468723936614,0.302237588883815,0.145573749103007,0.193878027156922,0.920980553273076,0.000821692686935086,0.00734958458869716,0.453713177877107,0.0652693592142608,0.137343205808883,0.226607336311789
"200","35090",0.269886962016429,0.552569683353226,0.147195113389033,0.278609367455336,0.460260743602125,0.139806198358451,0.378736720744462,0.356390084607392,0.830637936724975,0.000660097128577491,0.0212645574991749,0.442088286243355,0.0665894346617238,0.118489341983318,0.193975903614458
"201","35091",0.388215053763441,0.272739784946237,0.311432258064516,0.300764373546029,0.446438462390606,0.26574769977419,0.111152303596104,0.104956833834514,0.928581720378464,0.000384227462657893,0.00244945007444407,0.458795846334851,0.0526880393404027,0.154361715256747,0.212698292148058
"202","35092",0.311150215965446,0.447516968713577,0.218090819754554,0.311950042577349,0.380499574226511,0.297928283240401,0.130694954440364,0.0861530618747212,0.902749747729566,0.000567608476286579,0.00359485368314834,0.45022688598979,0.0588520735091015,0.142837590673253,0.220664169912033
"203","35093",0.380257965155453,0.519467706227741,0.0785205505823467,0.328247480403136,0.367441209406495,0.30545928696428,0.221047936039529,0.685051160469179,0.80164380943279,0.00114684379031873,0.150427677163473,0.485513970512424,0.0567546569138353,0.135538458623107,0.214417009342252
"204","35094",0.326567323280553,0.505296586644163,0.116080747962424,0.353579175704989,0.346561184126579,0.313570133619821,0.186329147921842,0.571488489141579,0.902706591133891,0.00161855948206097,0.0428918262746156,0.476854373161965,0.0522188574016678,0.162251449783754,0.16158539292914
"205","35095",0.264999880716654,0.600400792041415,0.112603478302359,0.325929090132422,0.351416773458636,0.304174510021039,0.197541800465065,0.558774032332092,0.905638040743846,0.00157845410151433,0.0377349183643269,0.477452291236174,0.0492743148477331,0.177367999531186,0.155490008399586
"206","35096",0.273986934775952,0.482392569153823,0.220679799938757,0.349110381758508,0.403696666090862,0.360964670705799,0.182783853961759,0.689370266405381,0.790484903934126,0.000609942055504727,0.169919690962692,0.4872191243858,0.0486336032388664,0.150910931174089,0.171508097165992
"207","35097",0.273628033430672,0.6024166750579,0.103614943107441,0.284386324247676,0.535843705687726,0.283937417584376,0.189065896860187,0.530685560323321,0.916170317499385,0.000787595372877184,0.0253015013536795,0.481481481481481,0.0412613053043266,0.160254216572965,0.162551943290149
"208","35098",0.212176516425378,0.524668826641512,0.237337489234303,0.305876567494468,0.371158101794935,0.289162296624983,0.208585451122765,0.46751718293946,0.902926021347074,0.00124217887375782,0.0301803459698197,0.466163262971226,0.0574457280690618,0.169344746912349,0.149621864741834
"209","35099",0.46560299329247,0.385599342935799,0.0963085768171932,0.314520114658496,0.486211327468617,0.310191174356763,0.124651430214173,0.125236593059937,0.929425001939939,0.00166834794754404,0.00275471405292155,0.454397458804844,0.0484824231976852,0.154374191959613,0.215015699070369
"210","35100",0.435177235373482,0.39806556745107,0.105780519002646,0.335820088658233,0.383284679424803,0.318249726104711,0.104677799541848,0.0881376256802878,0.92047431553887,0.000320483472209505,0.00192290083325703,0.445433094091043,0.0604498257464161,0.135810009700715,0.235646534689038
"211","35101",0.157267715964314,0.546547472256473,0.272847610067455,0.287206266318538,0.494854861004454,0.107122918023635,0.40443844793896,0.376844653414646,0.826589847671424,0.00065470734581642,0.0350050194229846,0.384738207704078,0.0511228853912351,0.0638927847904005,0.0723771925267951
"212","35102",0.510515207477481,0.385406851844872,0.0816341913843139,0.328217649110569,0.354144866875945,0.341426006284603,0.0882837049229388,0.0649853547137964,0.625190053460199,0.00971111874049733,0.00196184216979744,0.445918097754293,0.051296941540844,0.15819783197832,0.215156794425087
"213","35103",0.211025811521489,0.474198553265228,0.277922182594854,0.299854439592431,0.387069383794275,0.269039702718561,0.15579894386857,0.0805365329107476,0.672903942254303,0.00583009439200444,0.00366463076068851,0.436240684515595,0.0585041297032732,0.142245334964821,0.204901018223135
"214","35104",0.585619643610871,0.337578682718247,0.0516415554862271,0.239124668435013,0.570159151193634,0.183915983311754,0.315263990792692,0.534907081868408,0.879058151980021,0.000535140920442383,0.0390206921155904,0.487574441409573,0.0427168445426237,0.160842448921655,0.170290722948216
"215","35105",0.210916522111066,0.440153981417675,0.2966280921037,0.316304504245215,0.415455461217441,0.306899964015833,0.113305145735876,0.0663277956855939,0.941883276115743,0.000613045610593428,0.00245218244237371,0.444739787353106,0.0501781293400157,0.15530463136284,0.194674234647666
"216","35106",0.174296090387374,0.449896879483501,0.231774569583931,0.302400673873368,0.427067246946511,0.269032479807527,0.151400584292834,0.0916495678666915,0.889595305049517,0.00244528670986673,0.00379019440029343,0.442997438087105,0.0506345960726428,0.1485765447484,0.194129532613036
"217","35107",0.204046041158005,0.347186820852674,0.428590593222613,0.28407105416424,0.42748980780431,0.342382115348488,0.0766015404846891,0.0319473234971345,0.570363184381253,0.0177651124719578,0.0032134845085794,0.429719717620745,0.0422787273142198,0.178363380856865,0.165211333581561
"218","35108",0.121872653254812,0.578969210703134,0.266135725860638,0.285688356475179,0.332788819312097,0.156575010685283,0.360136771619889,0.431357717866984,0.837341646872526,0.00153404592240697,0.0240498812351544,0.398648084786781,0.064158759211984,0.0807764558547276,0.103607726024758
"219","35109",0.0985588600421007,0.423364099242547,0.401666036955075,0.251411491198937,0.465183217092882,0.208507453377409,0.30839518493108,0.317876960193004,0.811596940220984,0.000849938615544433,0.0494380961375012,0.437719873591318,0.0592748538011696,0.156538011695906,0.137964912280702
"220","35110",0.175055878408583,0.497970496200268,0.28588287885561,0.248145439348031,0.475289938355449,0.142664427497729,0.413346915177711,0.346635830688969,0.793412590138375,0.000584681348664978,0.037663223543169,0.430730478589421,0.0519120706349282,0.088677128970099,0.170116286872909
"221","35111",0.438623197598207,0.487145333840754,0.046471309569115,0.229897547345545,0.646227879540515,0.309508524145802,0.187031885298523,0.427663875252671,0.906869062962433,0.000477349754164877,0.0432956227027543,0.489122639254124,0.0278918158664994,0.174288212262896,0.165355228646368
"222","35112",0.322778993801066,0.497117746328259,0.149175424819128,0.263337809791234,0.538884141130509,0.216567109594051,0.291387297330245,0.263501111003768,0.89212265883217,0.000413147264047007,0.015745501285347,0.467632505228792,0.037999164653967,0.158851943995496,0.142417418780758
"223","35113",0.509026515388955,0.364805992603272,0.0833855701122046,0.239799487059921,0.627535556073677,0.272561476032706,0.164473084288276,0.14215438950555,0.91808133472367,0.000250260688216893,0.0043378519290928,0.464426545851162,0.0376505401674643,0.175316785280333,0.160727717575487
"224","35114",0.420887841775684,0.449547399094798,0.103493706987414,0.225795257374205,0.641873915558126,0.247017259353643,0.188144329896907,0.234421482686129,0.907661543287328,0.000666562107904642,0.00843005018820577,0.470077466587214,0.0405835936343738,0.198906346152348,0.128761382490633
"225","35115",0.369725589188954,0.533566905316301,0.0697016516875938,0.27856058963798,0.424452633860828,0.157335810403696,0.364982928298855,0.664557845280737,0.866262300644723,0.000678656260604004,0.0601459110960299,0.474790897621606,0.0505887997575778,0.114266714926642,0.158121564633294
"226","35116",0.274745050989802,0.265765596880624,0.435194211157768,0.345983044004845,0.381408962454582,0.305595770126519,0.151003965506389,0.223317765092545,0.883732920855891,0.00154679040989946,0.0151241728967947,0.460772419371145,0.0658270103637091,0.158010372224919,0.19347861260847
"227","35117",0.207525850122588,0.252467753970792,0.513484703123334,0.307060755336617,0.332101806239737,0.3073743084686,0.195239832208645,0.320762747935643,0.882067519223652,0.00131584357909454,0.0324437682470496,0.46262839083487,0.0613881029043484,0.165829186587309,0.162902071746837
"228","35118",0.439945044709389,0.468773286140089,0.0733047690014903,0.320593122842899,0.377093186756999,0.259145129224652,0.236249171636846,0.579195163048865,0.893913127227198,0.000914957141481267,0.050659732254647,0.473650939601172,0.0627881785676627,0.151027137913515,0.169623941947296
"229","35119",0.502474989034859,0.377681238121097,0.0888698594373316,0.264004437049362,0.567803660565724,0.31823904028436,0.118631516587678,0.188866019798099,0.936182641289004,0.000243391909652923,0.0117801684272015,0.45575014290911,0.0447072396884915,0.177242572829536,0.137486780117296
"230","35120",0.192170411385164,0.459730929391846,0.303871322015284,0.322937853107345,0.314915254237288,0.383063272926587,0.122469254222192,0.534656108194679,0.89481654551748,0.00129802699896158,0.0550363447559709,0.463743977157813,0.0660747647532695,0.167843614486742,0.149760896765679
"231","35121",0.201567249505006,0.669148609832957,0.107392844195321,0.353861330326945,0.301719278466742,0.421720297029703,0.122099319306931,0.600596411908999,0.892905264136041,0.00102216233796404,0.0713655159596711,0.473743535340141,0.0603959754528541,0.185862250895527,0.14467265844109
"232","46001",0.502748990415025,0.373132875979176,0.062667250523038,0.328951088493073,0.411224201300537,0.328223666148074,0.118605289649492,0.116299982015467,0.937103655021331,0.000461201429724432,0.0157384987893462,0.457263078565597,0.0438357718044686,0.191505047068164,0.174889418169445
"233","46002",0.390355620586551,0.520198485908773,0.0602667684543122,0.324558823529412,0.484117647058824,0.276114144794786,0.175885150607715,0.131428929399236,0.910485617073925,0.00055675842870399,0.00383544695329415,0.460031974420464,0.0550415384988011,0.14919950589774,0.206844769540049
"234","46003",0.10319262623564,0.419950574405557,0.450407427197435,0.289254477301125,0.395668471470221,0.491976047904192,0.0759281437125748,NA,0.971598796853309,0.000404905136510875,0.00474317445627024,0.413674560733384,0.0225217461247659,0.30306686430648,0.0730807680375056
"235","46004",0.463387662868407,0.295110341843358,0.122529929323525,0.319809778570367,0.328280576608709,0.397271227947424,0.0775151181968114,0.0592628574898294,0.958584337349398,0.000289620018535681,0.00278035217794254,0.456415215989684,0.0385595302021091,0.200509557050967,0.203308693317491
"236","46005",0.339971220349998,0.295061040709279,0.341386993454951,0.362219101123596,0.421488764044944,0.340998461275432,0.124380235937767,0.210734929810074,0.909130458426233,0.00114198705748002,0.0121268149437164,0.452195216298111,0.0513273954581725,0.184282602600876,0.138184994284975
"237","46006",0.398358974358974,0.426598290598291,0.142905982905983,0.306436990027199,0.47355696585071,0.298105244647646,0.159273750384666,0.235898371018721,0.928747223722913,0.000180082838105529,0.0106248874482262,0.468450869310412,0.047932252577994,0.161280730758709,0.186793058743771
"238","46007",0.60844441207177,0.257872629713259,0.0620098574793017,0.350441418524615,0.406105042645518,0.399386358272363,0.100070804814727,0.145997465704369,0.909634171689877,0.000779463728954479,0.018031594263147,0.47577481907077,0.0267066581753189,0.233837335908129,0.144524107894899
"239","46008",0.560643647334898,0.346608559615599,0.0529891608000894,0.329878849802948,0.475405050357612,0.361698506573629,0.0992213759945539,0.135304705579841,0.831839242546334,0.00292103142626914,0.0116841257050766,0.470533880903491,0.0265643447461629,0.232025293658576,0.1258679687031
"240","46009",0.286852508039244,0.584355733977838,0.105872232349507,0.318953895928822,0.445268266379078,0.258940715257221,0.207936634930794,0.182883871340301,0.764679415073116,0.0047244094488189,0.0109111361079865,0.456648884889774,0.0543877619185464,0.164387984591062,0.175632946625398
"241","46010",0.518951441362964,0.314162429349918,0.114437939347284,0.31634282672345,0.443971253659835,0.33641609035479,0.0925236321970782,0.0629197401739513,0.937755981892649,0.000269454623841345,0.00317956456132787,0.459159014016433,0.0439447973158328,0.161113338538479,0.205374665006647
"242","46011",0.123624022428803,0.545108455068614,0.280064925483252,0.345735785953177,0.244147157190635,0.311806530501336,0.188487840224628,0.344098064837285,0.894501697742301,0.00184666706379937,0.0274617263358551,0.433983183960085,0.0624207378794401,0.169926351673667,0.117627895612514
"243","46012",0.152897185254976,0.689023672123425,0.133759274525969,0.341134405980822,0.381927515033317,0.350792291220557,0.150535331905782,0.434694853136453,0.93439594658785,0.000369451628226104,0.0259671715838919,0.466231082072138,0.0401354571679418,0.207262009281324,0.117636606881559
"244","46013",0.346666943297579,0.582916658021951,0.0498765534554659,0.27333624581331,0.559487403524101,0.230497198879552,0.258648459383754,0.297919481221292,0.853824305132887,0.00136944613511869,0.0221140190708054,0.473771367521368,0.0333072493428841,0.172555629125785,0.127711230161119
"245","46014",0.281906255250042,0.597207444326221,0.0895820499897333,0.314261210487626,0.450869884832149,0.198911898911899,0.306633906633907,0.19634104639234,0.872858234202772,0.000818509221870566,0.00944013969224053,0.449262113099125,0.0591598336431926,0.133472322224969,0.191342568213814
"246","47001",0.610101549973276,0.164796009264208,0.176079339628244,0.286317722681359,0.471258034894399,0.346654539253027,0.0868626001932807,0.0750087873462214,0.964750430292599,0.000206540447504303,0.00268502581755594,0.450137830387547,0.0385682801403967,0.223723233477539,0.142233287078606
"247","47002",0.691855166128097,0.148617670616179,0.13210152732897,0.311159578335151,0.441112322791712,0.340683638102068,0.0862316242380782,0.0647133555661426,0.952921957377293,0.000297022350931908,0.00356426821118289,0.468603971962617,0.0397934253068629,0.175339780258365,0.199771773001917
"248","47003",0.301360341574819,0.338827656968854,0.341541720451461,0.287710843373494,0.366987951807229,0.46194298367008,0.0684334348187102,0.0151817533856023,0.973559225916212,0.000354433968951584,0.00404054724604806,0.418009692325031,0.0230635764765626,0.286707762621489,0.101141188585293
"249","47004",0.64720376315986,0.143706911570721,0.186639786953384,0.270787468247248,0.531922099915326,0.31756722794672,0.0935410907263131,0.0507120304143308,0.963295269168026,0.000376458777763835,0.00282344083322876,0.468302786844087,0.0325432049788004,0.218938285685949,0.147467208846793
"250","47005",0.554581198617896,0.17979268437984,0.237769569879662,0.291383570105003,0.475756639901174,0.313947829472455,0.0999610667704886,0.0585763068032572,0.953354064860062,0.000444247001332741,0.00323665672399568,0.46127480060642,0.0488505386728205,0.180163796671391,0.18442802854527
"251","47006",0.497924576056694,0.198228296633764,0.284586180713743,0.298957315086347,0.425871619420007,0.339694462772167,0.0992234685073339,0.0594555873925501,0.932929188701148,0.000451438152973043,0.00322455823552173,0.456804821787335,0.0449607535321821,0.198367346938776,0.178524332810047
"252","47007",0.349354015971903,0.274762721077058,0.3521135593929,0.274619915080126,0.579920558827558,0.255253837072019,0.199173553719008,0.162631109127427,0.923798037388301,0.000822323337536319,0.00948412915958555,0.458175248419151,0.0467941921104451,0.187014476446022,0.130753251249648
"253","47008",0.446980993953854,0.227774313369303,0.302144619472386,0.302968617472434,0.429855810008482,0.351427808913798,0.106271684013878,0.099657050635465,0.962365949510424,0.000732698328115633,0.00612802238060348,0.446584509915939,0.0474236026152045,0.209097964928897,0.142797005932883
"254","47009",0.302670692601175,0.551272148491445,0.12550616763804,0.271664474645623,0.515271079935701,0.268894158223755,0.215649924552705,0.194188076827139,0.917242622753771,0.000901496484163712,0.0165274355430014,0.461452200728904,0.0496714317968462,0.170998063051822,0.153767542452438
"255","47010",0.415874669096906,0.263963025647702,0.301805320487784,0.276001195457262,0.538852361028093,0.223080436858934,0.232133217059092,0.165325116337568,0.917903126916002,0.000490496627835684,0.0128142244022072,0.460899513776337,0.0467774214549225,0.164504617461963,0.16613218238372
"256","47011",0.41525026243495,0.252093895874746,0.315256962901749,0.271028037383178,0.553894080996885,0.213570541994208,0.247248655357882,0.166436116700201,0.908780279455732,0.000610165354811154,0.0130575385929587,0.462898012516333,0.0410098835028973,0.175531979241015,0.125449112662255
"257","47012",0.328808166511998,0.244836272040302,0.395625082858279,0.317839002616592,0.419886101277513,0.322134667107064,0.142688623602133,0.204610060561117,0.930581727554556,0.000486292626588049,0.0165947358823172,0.445276034122002,0.0563844656018922,0.198838862276164,0.115098374168269
"258","47013",0.701434054803284,0.135302271031027,0.1367683121868,0.280473169895423,0.502142979598834,0.360444345204868,0.0784861002567824,0.0662834433326237,0.968985750209556,0.000279407655769768,0.00188600167644593,0.457045173492398,0.0378605355544848,0.198045019618641,0.171886831417361
"259","47014",0.592221342146232,0.177641821211045,0.202004752410346,0.302533532041729,0.380029806259314,0.371132286995516,0.0759529147982063,0.0564492753623188,0.975981128029166,0.000285938952033741,0.00250196583029523,0.461555473645411,0.0428686066646957,0.173867747884726,0.227717475468457
"260","48001",0.633692487769741,0.260812149224166,0.0678441729943876,0.220588235294118,0.67405462184874,0.227441183737338,0.171630933099075,0.135062543166296,0.892416030675073,0.000774250635991594,0.00383438410205361,0.452249408050513,0.0410645099512382,0.21327764764809,0.0953138580751609
"261","48002",0.809134067280369,0.0936718337899233,0.0654086338035359,0.287757973733583,0.49906191369606,0.319973861903725,0.0806650693385609,0.0631779536792729,0.967692663735246,0.000370284656329553,0.0031937051608424,0.461856355690671,0.0476760748664072,0.182176133837765,0.184489625577239
"262","48003",0.774205809394255,0.136832839881572,0.0524525886212691,0.270156517164277,0.574773115875312,0.354521477015825,0.0926525998492841,0.169096884691941,0.954201809203339,0.000742909583533628,0.0168247170388498,0.463413506012951,0.0367321034236929,0.228043330841056,0.121976665333588
"263","48004",0.453003314339826,0.465248412218975,0.0557070319515421,0.259746709709461,0.519907292442679,0.146730866700456,0.338672072985302,0.256439273912453,0.862345386372452,0.00112054475714347,0.0153859414730854,0.417229059150457,0.0687218903134859,0.109334094112909,0.107488084849299
"264","48005",0.459061789007304,0.435322117111723,0.0713986348940247,0.25531914893617,0.540764451139145,0.161011224277697,0.319839950114321,0.230523087862762,0.876563872965396,0.000836855098539688,0.0129712540273652,0.440097427310093,0.0616687018021193,0.134114060464011,0.14439900674463
"265","48006",0.479791458571881,0.359636514239774,0.0975954393743757,0.333726724364018,0.46157880933648,0.383768074342507,0.111190843529116,0.399835006187268,0.911386716994698,0.00161768670800755,0.0436326053743147,0.456252114105311,0.0606724492533309,0.180765447554324,0.120629526960565
"266","48007",0.637737463631696,0.259661132979634,0.0728221803867876,0.240358532845854,0.627432480245312,0.206842073281886,0.241660083854895,0.307667570175036,0.916872501908654,0.000943099654196794,0.0124848430412718,0.463815633167023,0.0533514145262162,0.172544541293816,0.144664412465317
"267","48008",0.667301217708694,0.226487523992322,0.0773260753280262,0.222021864082047,0.65704947593824,0.226785096320221,0.204896758565002,0.263729300439338,0.922048352376221,0.000827951647623779,0.0107633714191091,0.4644553856785,0.0496536554939102,0.17547027346443,0.134311086307081
"268","48009",0.600417873245116,0.268886771012793,0.088633114621898,0.239193083573487,0.629870943490791,0.243409007689491,0.227724887098743,0.377886264678717,0.899218108773597,0.000950365026567022,0.042852823016113,0.471953844040478,0.045338745196252,0.181182261755689,0.118701152899521
"269","48010",0.604009985464198,0.316596094293118,0.0579062124755103,0.187168790168001,0.726688465441425,0.172037653722107,0.284972598788578,0.334047275984267,0.908050815030229,0.000650493609856891,0.0174485344761613,0.473906147239739,0.0368676179422407,0.212974974018191,0.0962275172010954
"270","48011",0.658708987053699,0.246853852993926,0.0683034166779702,0.211452910553715,0.69219119734974,0.236115646429379,0.184119966843335,0.232286995515695,0.925134417749949,0.000884775062955149,0.0120125229701218,0.451988974970203,0.0455192516268981,0.21888557483731,0.072193600867679
"271","48012",0.605543914649946,0.305635086933572,0.0500327900318303,0.210311327003754,0.648818723780084,0.181362529051046,0.293282558172094,0.282228634473394,0.895893940653312,0.00070650818718311,0.013215859030837,0.464745471791861,0.0507035059971003,0.19408198233821,0.120848161328588
"272","48013",0.397506278754473,0.458826928633343,0.0801235747782988,0.291822279459111,0.585833869929169,0.316904143143053,0.191295516324641,0.511174871639988,0.901262365273882,0.00114424922486343,0.0573601063044441,0.473884525062758,0.0351432991969351,0.233883445074781,0.0748176526928461
"273","48014",0.349510390192854,0.371916579458813,0.244505905217521,0.309005914901736,0.428353367677924,0.219526822393475,0.243785420852199,0.268184756127878,0.895808160609722,0.00167301793847012,0.0137559252718654,0.426404822088275,0.0769048853475955,0.114061178268344,0.138983636677854
"274","48015",0.399587000959493,0.216866213341121,0.340181886446122,0.309593679458239,0.420316027088036,0.345380121050974,0.114473638176539,0.270569918852614,0.908049125690545,0.00214582477286217,0.0277130986622837,0.438864489847877,0.0713350610489193,0.163821279400109,0.155405345231416
"275","48016",0.452358115140507,0.275688251260178,0.236362523213812,0.271190420286452,0.583000704390702,0.314131441899102,0.122655675900188,0.318510683308652,0.913519590290211,0.00195694716242661,0.0277719948369905,0.457356024772029,0.0475844293172956,0.197401030995969,0.10466922212676
"276","48017",0.410586263303512,0.412444211079023,0.127834884988994,0.271223672309084,0.597105569194986,0.283390219783725,0.16842642508533,0.379625997123055,0.908820908820909,0.00169714455428741,0.0319487462344605,0.467812762776792,0.0401059370281965,0.204156510150893,0.102900616560252
"277","48018",0.498874263941808,0.301835815725667,0.170523034291652,0.224825411128633,0.655890966433881,0.17090998016466,0.30117110018205,0.341629056522674,0.899316837457302,0.00104140631508789,0.0199533449970841,0.471966238911377,0.0406245087413021,0.182893027642868,0.139165832388738
"278","48019",0.312837205956406,0.207251276886555,0.439644629882742,0.280540077153879,0.497321045863695,0.1882876204596,0.282816901408451,0.187897595034911,0.874839140174444,0.00219245984462132,0.00795958247938611,0.431340568345775,0.0640167442912903,0.121480964682368,0.144532649482398
"279","48020",0.49329367529042,0.348859831266251,0.130104570028247,0.257638967189086,0.595557560040591,0.248222501045588,0.186801696839338,0.316324361100481,0.920001662303121,0.00124672734073058,0.0164568008976437,0.457723615489578,0.0498075802706184,0.18692202282779,0.12086748886099
"280","48021",0.657687580475243,0.214503101954817,0.0972287252721526,0.22079295154185,0.657533039647577,0.248727975124847,0.164044096862339,0.220550161812298,0.921393507521774,0.000981789390340459,0.0126999208234363,0.455652988821206,0.0389608753440967,0.221481710121009,0.0963470636035503
"281","48022",0.756993408323222,0.133620831010396,0.0642606499852425,0.235020218110526,0.60078421762039,0.261353135313531,0.149240924092409,0.119555698944555,0.940927518153874,0.000267296297946273,0.00271751236245378,0.465776441457375,0.0449539420809524,0.19275437837265,0.166303090252325
"282","48023",0.605615029831168,0.283565353531079,0.0774975669614522,0.134821313378919,0.770223197006838,0.257869208897809,0.119284161230975,0.168263863044287,0.910647769601163,0.00227128191151086,0.00645044062869083,0.442955874534822,0.0289394901569446,0.210650458132995,0.0492606368502223
"283","48024",0.729149091727124,0.146579682432559,0.0814164932605965,0.21655975291043,0.637205987170349,0.341135125636971,0.0869091548058338,0.0827574140495145,0.936277656524158,0.000599135533016647,0.00445072110240938,0.435421036859455,0.0395475892164634,0.227526485804632,0.0881297570039292
"284","48025",0.728052720933204,0.13691378082842,0.100640756494277,0.260719990170783,0.536429536798132,0.318028015281062,0.0810623976714572,0.0715685805803892,0.930899426493216,0.000466265678183429,0.00466265678183429,0.454845423625565,0.0434297516850928,0.202902693382265,0.156291781541894
"285","48026",0.567602690409708,0.184956886711273,0.205012029573433,0.308238163876261,0.475108105111431,0.293403175642495,0.144737272876084,0.136869766613219,0.944415674089418,0.000302088727774901,0.00996892801657173,0.458353534374091,0.0554968737754911,0.191023391314718,0.155587167998364
"286","48027",0.688035538005923,0.179368213228036,0.0966831194471866,0.305913570887036,0.463229719484458,0.329760476724838,0.0953062724915838,0.0881821829855538,0.960910040847345,0.000284981476204047,0.00821696589721668,0.459938048528653,0.0519196228109564,0.203562340966921,0.163570199071995
"287","48028",0.693511581413195,0.128435549990913,0.143924554211515,0.266302935827488,0.523382696804365,0.394785325216277,0.0701698173662288,0.062943011057556,0.929307331432251,0.00105786036243216,0.0107625793395272,0.443692241564582,0.03646614831992,0.233256036011458,0.126722138862365
"288","48029",0.743345335305086,0.134314923165949,0.0841156047064875,0.26765153160982,0.552900282424506,0.286890436985434,0.108613046231792,0.100704715503741,0.949957337883959,0.000298634812286689,0.0045221843003413,0.457485084483308,0.0573857955452491,0.182407850847344,0.151068316823364
"289","48030",0.70706431838085,0.149768090558204,0.114414063766988,0.270973154362416,0.537541946308725,0.313574356150976,0.0876307579372362,0.102371034924704,0.952808281182351,0.000590388475616956,0.00448695241468887,0.44439334007911,0.0514807510133089,0.210814840122374,0.118374668053981
"290","48031",0.452354411566005,0.225358059721659,0.111623429266315,0.218834291075408,0.680895977483288,0.249122592852565,0.162266914883877,0.205531752428626,0.901476802075053,0.000878550809521817,0.0118813538049617,0.46452896948253,0.0448426796798365,0.199442763759861,0.124636271463075
"291","48032",0.639444561077288,0.204165791920343,0.0980715592478181,0.184420249186216,0.728027837018745,0.237336218998596,0.13713734206832,0.0982504488705165,0.929945224661258,0.000535398047856349,0.00242988344796343,0.46499087439854,0.0423101159640896,0.1924414655504,0.134418501878176
"292","48033",0.702341680614915,0.155776199684743,0.100199879747144,0.219486703054233,0.662408547207061,0.287230346483055,0.0868892328100818,0.0676831850910631,0.932037622773431,0.000749126019643749,0.00137339770268021,0.454641026764203,0.0425967015498742,0.20975460325871,0.120628560074182
"293","48034",0.722513089005236,0.142160875773441,0.0904902427415516,0.246791963707064,0.565651328580687,0.346167308365418,0.0704312993427449,0.0680580300330873,0.948048732171157,0.000346671949286846,0.00217908082408875,0.442876308022538,0.0455485933378441,0.190529422724286,0.139146294825405
"294","59001",0.482690549414014,0.327840578505527,0.137000249355831,0.316375838926174,0.420134228187919,0.33835103537862,0.13479024986628,0.240600735594606,0.91501728716741,0.000250538658114947,0.037781229643734,0.469477998274374,0.0551004773410336,0.174435735753433,0.180967254012218
"295","59002",0.27842987804878,0.360861280487805,0.296055640243902,0.273356853521495,0.509473409120606,0.233079512402366,0.240596097911696,0.399814995631841,0.884278942481552,0.00034208082881298,0.0428089722914529,0.466420900785382,0.0483968542044767,0.14484905255352,0.166608122084968
"296","59003",0.271122540152984,0.338810556366727,0.350731143896964,0.312026623823732,0.398668808813404,0.218494247852046,0.259822338721421,0.572210485884386,0.870909663770986,0.000450105774857091,0.0780033307827339,0.469176584891912,0.0514409723772695,0.126057174497423,0.15780589963652
"297","59004",0.366397439237727,0.3149030409052,0.258290840064019,0.287939070137547,0.460384221893827,0.346942376230636,0.10596704188574,0.100781029453279,0.95209414381023,0.000416975537435137,0.0041234247590808,0.437430137861287,0.0503181613670379,0.17363438530122,0.159952987411278
"298","59005",0.395607764671712,0.372081390282865,0.193003404708502,0.325807463154594,0.385178216786872,0.276735133082255,0.118428964775137,0.133178895612708,0.93621522189009,0.000229937916762474,0.00367900666819959,0.45057394934067,0.0697233731968484,0.12688928581143,0.268829390804493
"299","59006",0.423303922149188,0.33781409762934,0.181954560707448,0.320598006644518,0.399948888320981,0.332627363394817,0.100042358196311,0.134466690562753,0.949952119348823,0.000201602741797288,0.00514086991583085,0.457617789520035,0.0569282703793221,0.178824680902063,0.203443660987156
"300","59007",0.347665279704115,0.455238095238095,0.156504854368932,0.282761860028182,0.526538280883044,0.29514763843122,0.144601666989727,0.249664835877698,0.927939101056323,0.00021383056066373,0.0222383783090279,0.461509558029214,0.0504930295817749,0.19929445766746,0.124659979598776
"301","59008",0.319990798251668,0.352816265859744,0.272513315991577,0.281624801991401,0.505091649694501,0.245527120371419,0.210848148567546,0.428660669665167,0.89442481828887,0.000487270069435985,0.0427579485930077,0.470687902405964,0.045478086359811,0.167467793098984,0.126925940312035
"302","59009",0.282237397815287,0.217784077080559,0.380563787598963,0.344392704695382,0.344683740783857,0.270974279498107,0.130152296366942,0.138846464827958,0.930446310207689,0.000220945647370747,0.00234202386212992,0.447911514770019,0.0719164042670109,0.125777386237756,0.295821085593169
"303","59010",0.22809090614782,0.237705979474894,0.359351225355305,0.318130118289354,0.435850773430391,0.278037151087712,0.132644614416741,0.126669518513237,0.932590035454376,0.000326553461466692,0.00326553461466692,0.442952342487884,0.06529263687854,0.159182615777589,0.195646540554548
"304","59011",0.327802618111297,0.491210113307835,0.14923952665697,0.259399551066218,0.579545454545455,0.282652775835547,0.177317857642288,0.312325627740136,0.893779342723005,0.00024452269170579,0.0351623630672926,0.473627556512379,0.0440017852984553,0.159803617169914,0.188038500349298
"305","59012",0.292742448167668,0.469023644976724,0.214568422779566,0.277953434895085,0.532193158953722,0.302096650473025,0.188410892354896,0.502064119455424,0.895472932266116,0.000559428522248042,0.0660986315517686,0.482606392371535,0.0350553190034029,0.174849091126729,0.132440705210417
"306","59013",0.352540672256862,0.304092309897513,0.30769010248692,0.305544709098009,0.43967200312378,0.289909051537462,0.123458928829219,0.0973895582329317,0.94377493689439,0.00020356648481394,0.00378633661753929,0.444156300821942,0.0601891313787613,0.147236205149649,0.200871676932726
"307","59014",0.397506040059232,0.461600810536981,0.140893149403788,0.298642533936652,0.480269388614122,0.26769013587436,0.14678548320687,0.138097080699944,0.924704391891892,0.000337837837837838,0.00553209459459459,0.4538143588822,0.0578366334975039,0.151941568666868,0.182723556806379
"308","59015",0.367797361010031,0.19483909755403,0.3722589627567,0.305758730812816,0.421654476151231,0.259099913334159,0.124922619784573,0.106266905056618,0.928661332374359,0.000359615211723456,0.00170817225568642,0.441025641025641,0.0582533777168592,0.152286522954234,0.205199636862061
"309","59016",0.456340991051155,0.365533591558702,0.12505008681715,0.266480175139869,0.568474823643882,0.291008486158345,0.145313542891651,0.19606724311987,0.932255979314803,0.000258564964447317,0.0160741219564749,0.466517465332631,0.0458053103395233,0.182024833998479,0.163053231581736
"310","59017",0.349085126872858,0.372332086627399,0.205460124073369,0.302208992636691,0.45213849287169,0.353806083011259,0.10607460930936,0.22648312028843,0.909848851594858,0.000322736808132968,0.0466354687752138,0.459445555873107,0.0497231742683891,0.184234115475877,0.165357237015555
"311","59018",0.233531253070563,0.235159528922952,0.331985794696874,0.327153971760638,0.385745845740083,0.262685468342961,0.149054253029788,0.147790347866616,0.929508671716545,0.000124177325220415,0.00471873835837576,0.44468094742086,0.0715915573302909,0.141431016217097,0.229810121424497
"312","59019",0.199688461684586,0.289749629573344,0.43455795752441,0.313922710428798,0.407728957120169,0.232839211346361,0.222325771034161,0.440317329297932,0.890441661173369,0.000615249395737201,0.0442540101076686,0.454930003021452,0.0633778394312468,0.13230449106988,0.151508583318883
"313","59020",0.392972524802013,0.29946822197444,0.255982502787546,0.327382639085671,0.377727401530179,0.293661871528272,0.103347101552485,0.104770543850245,0.941002231689998,0.000162304727125178,0.00296206127003449,0.453133985048879,0.0650455439187834,0.140564182817704,0.256972031619919
"314","59021",0.268841097678466,0.566522671473413,0.0779283339030985,0.266183940343672,0.515616556792392,0.17660965095258,0.278320122375191,0.3580978017048,0.880876511414728,0.000480160635558078,0.0153651403378585,0.461810028147512,0.0606446802607851,0.154797822166736,0.168105839922319
"315","59022",0.313959731543624,0.33888782358581,0.296260786193672,0.26195930467592,0.545074787764452,0.288011007712641,0.121483144440019,0.196608453556062,0.926338393927287,0.000199760287654814,0.00958849380743108,0.45656152438368,0.0520766362350521,0.174726263835175,0.146981731140147
"316","59023",0.294729910183474,0.3089249455796,0.360473411747489,0.2750399410102,0.524886321740199,0.231625011556597,0.221116213134457,0.368291207000884,0.892477030837806,0.000409351405439825,0.0337487492040389,0.467952108477184,0.0479168358645334,0.160850771993467,0.140862864001011
"317","59024",0.525212595692165,0.249002101853102,0.154534410613394,0.256721198947489,0.549708271364832,0.333966378279525,0.0869381726102553,0.0809705308171423,0.951859259932721,0.000136376034184926,0.00413673970360942,0.431727330107301,0.0453173566376864,0.195909725663318,0.119194558313438
"318","59025",0.442075159299584,0.413576840098339,0.115448296623351,0.298681038150617,0.399517798893774,0.245797161361444,0.256442055945983,0.652440650840224,0.830260192583487,0.000256095062487195,0.123540258143823,0.482351744481741,0.0482743200943128,0.131865116468149,0.177903573315988
"319","59026",0.174968052760682,0.273527122104552,0.350112366152084,0.316536692661468,0.453409318136373,0.25987525987526,0.168341418341418,0.159273070164159,0.90561778966728,0.000668784484199967,0.00727303126567464,0.443880189965675,0.0697651323303044,0.147599185659665,0.171888706820928
"320","59027",0.194599354270619,0.167009098914001,0.0907103023187555,0.29128518141743,0.495761275008477,0.214762889068632,0.240885533686828,0.220135200386287,0.893978626241702,0.000188315051080458,0.0109693517254367,0.462887552059232,0.0592049488070506,0.122788548430673,0.288525139977082
"321","59028",0.247931261193861,0.18719535695663,0.510802784012333,0.29094550135889,0.447146330996996,0.339567909252284,0.095899900419968,0.099902784925945,0.945161290322581,0.000565930956423316,0.00328239954725523,0.425991070220539,0.0448717948717949,0.185110211426001,0.150359874044085
"322","59029",0.298390245367451,0.281286602396612,0.372751298915818,0.329474708171206,0.348540856031128,0.278242803805853,0.1102613513188,0.132134973194576,0.938132484864554,0.00044191082239604,0.00530292986875249,0.449413689664576,0.0704913030210558,0.12616068703954,0.27760582414229
"323","59030",0.440288887711677,0.414878776641769,0.104094930338507,0.27277149458835,0.512221816855162,0.220728128728516,0.226951726806617,0.306484778574653,0.894225606482159,0.000244057207009323,0.0290428076341094,0.473608720596672,0.0632382197191762,0.141372980557611,0.246561782202958
"324","59031",0.384731058415269,0.450803932909196,0.121411220358589,0.299885812161005,0.448758207250928,0.259702939445349,0.242357095869543,0.592657886549829,0.847292618055904,0.000351282179956842,0.100868168816179,0.480761379873444,0.0506941038703672,0.14282425710368,0.161540540270035
"325","59032",0.19806472521876,0.450738460113894,0.300754664567804,0.344231491920331,0.371664787673807,0.361410828959807,0.142582390716172,0.494728621632175,0.881382329418698,0.000799764280001684,0.0797659637159574,0.468271119842829,0.050885397596778,0.167385081383351,0.124155377292547
"326","59033",0.157077255537547,0.559810012605799,0.261165135962543,0.325802078626299,0.457749661093538,0.379971641261964,0.16391350584899,0.525685627795599,0.864209462724597,0.000439309405614374,0.101436541756359,0.48471675665782,0.0358623096723529,0.188517080406614,0.131146110553641
"327","59034",0.169135887541345,0.560811742006615,0.200144707828004,0.306523211195546,0.398690843427884,0.114543891844178,0.351529652256731,0.407475638725942,0.853862847222222,0.000954861111111111,0.0186631944444444,0.397347140613183,0.0765610642116744,0.0598576127375626,0.133284096081345
"328","59035",0.107685494310826,0.2815970566192,0.499352728759283,0.283456369487034,0.346394094264622,0.237471559418937,0.249722886646053,0.35895511888571,0.812644701691897,0.000712377560106857,0.0776936776491541,0.414920048416895,0.0690003802149943,0.106373785904393,0.140247485396288
"329","59036",0.260627229488704,0.439265011890606,0.268690546967895,0.293007293007293,0.446053196053196,0.154195532813982,0.348549745594619,0.426829268292683,0.835604352514459,0.00049014802470346,0.050289187334575,0.444999709454355,0.0567874265388184,0.111158366841942,0.158279848437983
"330","59037",0.261662481828994,0.254658385093168,0.402074798467028,0.330790190735695,0.380054495912807,0.284344623959128,0.120691371130943,0.114823962419488,0.921393841166937,0.000572027838688149,0.00190675946229383,0.442518659520112,0.0660876491001839,0.145307492462026,0.232918665731136
"331","59038",0.210106617323112,0.278108203365935,0.457375099127676,0.311702270589816,0.434502216848045,0.29865998917163,0.214334055224689,0.525713712307461,0.827001584938283,0.000528312761154604,0.112338504394602,0.463310822314284,0.0479641460856298,0.135071993897206,0.148183465242681
"332","59039",0.258306275013215,0.587140376047723,0.108510156308993,0.24952741020794,0.506498109640832,0.147270033055967,0.389262509973783,0.405226371792197,0.82203066958758,0.000476235831983998,0.0425278597961711,0.45847798534193,0.0479603817892584,0.134554200439361,0.164902280130293
"333","59040",0.338817780368071,0.488063482100827,0.139651655421309,0.29945739844552,0.436574277753336,0.309041501976285,0.208815640880858,0.579605162475131,0.844671201814059,0.000345065562456867,0.110371684905846,0.478343465045593,0.0464892593780058,0.1361644660779,0.177747335490202
"334","59041",0.11794978788511,0.118074970443007,0.422797134710341,0.319495213228895,0.362053959965187,0.185373150275122,0.294567017468882,0.210550522007083,0.857851312209251,0.000307206179232862,0.00825068024225402,0.429753452227875,0.0887452724680491,0.103429434915865,0.226964220159989
"335","59042",0.261985013090975,0.546209636161184,0.0986186764573114,0.275789694616434,0.486200020988561,0.198401004147566,0.255893909626719,0.2946259313142,0.874006762468301,0.000464919695688926,0.0175401521555368,0.450971652701016,0.0576343472165087,0.146163726881197,0.217986281933962
"336","60001",0.242866295401902,0.536543295056922,0.194322606081514,0.252002670226969,0.53671562082777,0.222790428406021,0.187475878039367,0.127180966113915,0.855736782902137,0.00239032620922385,0.00393700787401575,0.40834682496852,0.0585382170931594,0.174917767742655,0.11860957796733
"337","61001",0.183471248616455,0.483423812786591,0.304801560111738,0.161725067385445,0.669137466307278,0.292021473528323,0.156423546834506,0.0903857930189835,0.890513595166163,0.00145015105740181,0.00471299093655589,0.39218009478673,0.0314698702914852,0.212391710142153,0.0771789594601063
"338","62001",0.247820254862508,0.471076458752515,0.265845070422535,0.220679012345679,0.578703703703704,0.452599827635737,0.0978167193335248,0.0258972554539057,0.898305084745763,0.00168090769015268,0.0572909371060373,0.339477726574501,0.012241264188738,0.32522813265079,0.0378366347651903
